Filename	Label
20231211_144935.WAV	Vehicle
20231211_150440.WAV	Vehicle
20231211_151945.WAV	Vehicle
20231211_153450.WAV	Vehicle
20231211_154955.WAV	Vehicle
20231211_160500.WAV	Vehicle
20231211_162005.WAV	Vehicle
20231211_163510.WAV	Vehicle
20231211_165015.WAV	Vehicle
20231211_170520.WAV	Vehicle
20231211_172025.WAV	Vehicle
20231211_173530.WAV	Vehicle
20231211_175035.WAV	Vehicle
20231211_180540.WAV	Vehicle
20231211_182045.WAV	Vehicle
20231211_183550.WAV	Vehicle
20231211_185055.WAV	Vehicle
20231211_190600.WAV	Vehicle
20231211_192105.WAV	Vehicle
20231211_193610.WAV	Vehicle
20231211_195115.WAV	Vehicle
20231211_200620.WAV	Vehicle
20231211_202125.WAV	Vehicle
20231211_203630.WAV	Vehicle
20231211_205135.WAV	Vehicle
20231211_210640.WAV	Vehicle
20231211_212145.WAV	Vehicle
20231211_213650.WAV	Vehicle
20231211_215155.WAV	Vehicle
20231211_220700.WAV	Vehicle
20231211_222205.WAV	Vehicle
20231211_223710.WAV	Vehicle
20231211_225215.WAV	Vehicle
20231211_230720.WAV	Vehicle
20231211_232225.WAV	Vehicle
20231211_233730.WAV	Vehicle
20231211_235235.WAV	Vehicle
20231212_000740.WAV	Vehicle
20231212_002245.WAV	Vehicle
20231212_003750.WAV	Vehicle
20231212_011505.WAV	Vehicle
20231212_013010.WAV	Vehicle
20231212_014515.WAV	Vehicle
20231212_020020.WAV	Vehicle
20231212_021525.WAV	Vehicle
20231212_023030.WAV	Vehicle
20231212_024535.WAV	Vehicle
20231212_030040.WAV	Vehicle
20231212_031545.WAV	Vehicle
20231212_033050.WAV	Vehicle
20231212_034555.WAV	Vehicle
20231212_040100.WAV	Vehicle
20231212_041605.WAV	Vehicle
20231212_043110.WAV	Vehicle
20231212_044615.WAV	Vehicle
20231212_050120.WAV	Vehicle
20231212_051625.WAV	Vehicle
20231212_053130.WAV	Vehicle
20231212_054635.WAV	Vehicle
20231212_060140.WAV	Vehicle
20231212_061645.WAV	Vehicle
20231212_063150.WAV	Vehicle
20231212_064655.WAV	Vehicle
20231212_070200.WAV	Vehicle
20231212_071705.WAV	Vehicle
20231212_073210.WAV	Vehicle
20231212_074715.WAV	Vehicle
20231212_080220.WAV	Vehicle
20231212_081725.WAV	Vehicle
20231212_083230.WAV	Vehicle
20231212_084735.WAV	Vehicle
20231212_090240.WAV	Vehicle
20231212_091745.WAV	Vehicle
20231212_093250.WAV	Vehicle
20231212_094755.WAV	Vehicle
20231212_100300.WAV	Vehicle
20231212_101805.WAV	Vehicle
20231212_103310.WAV	Vehicle
20231212_104815.WAV	Vehicle
20231212_110320.WAV	Vehicle
20231212_111825.WAV	Vehicle
20231212_113330.WAV	Vehicle
20231212_114835.WAV	Vehicle
20231212_120340.WAV	Vehicle
20231212_121845.WAV	Vehicle
20231212_123350.WAV	Vehicle
20231212_124855.WAV	Vehicle
20231212_130400.WAV	Vehicle
20231212_131905.WAV	Vehicle
20231212_133410.WAV	Vehicle
20231212_134915.WAV	Vehicle
20231212_140420.WAV	Vehicle
20231212_141925.WAV	Vehicle
20231212_143430.WAV	Vehicle
20231212_144935.WAV	Vehicle
20231212_150440.WAV	Vehicle
20231212_151945.WAV	Vehicle
20231212_153450.WAV	Vehicle
20231212_154955.WAV	Vehicle
20231212_160500.WAV	Vehicle
20231212_162005.WAV	Vehicle
20231212_163510.WAV	Vehicle
20231212_165015.WAV	Vehicle
20231212_170520.WAV	Vehicle
20231212_172025.WAV	Vehicle
20231212_173530.WAV	Vehicle
20231212_175035.WAV	Vehicle
20231212_180540.WAV	Vehicle
20231212_182045.WAV	Vehicle
20231212_183550.WAV	Vehicle
20231212_185055.WAV	Vehicle
20231212_190600.WAV	Vehicle
20231212_192105.WAV	Vehicle
20231212_193610.WAV	Vehicle
20231212_195115.WAV	Vehicle
20231212_200620.WAV	Vehicle
20231212_202125.WAV	Vehicle
20231212_203630.WAV	Vehicle
20231212_205135.WAV	Vehicle
20231212_210640.WAV	Vehicle
20231212_212145.WAV	Vehicle
20231212_213650.WAV	Vehicle
20231212_215155.WAV	Vehicle
20231212_220700.WAV	Vehicle
20231212_222205.WAV	Vehicle
20231212_223710.WAV	Vehicle
20231212_225215.WAV	Vehicle
20231212_230720.WAV	Vehicle
20231212_232225.WAV	Vehicle
20231212_233730.WAV	Vehicle
20231212_235235.WAV	Vehicle
20231213_000740.WAV	Vehicle
20231213_002245.WAV	Vehicle
20231213_003750.WAV	Vehicle
20231213_011505.WAV	Vehicle
20231213_013010.WAV	Vehicle
20231213_014515.WAV	Vehicle
20231213_020020.WAV	Vehicle
20231213_021525.WAV	Vehicle
20231213_023030.WAV	Vehicle
20231213_024535.WAV	Vehicle
20231213_030040.WAV	Vehicle
20231213_031545.WAV	Vehicle
20231213_033050.WAV	Vehicle
20231213_034555.WAV	Vehicle
20231213_040100.WAV	Vehicle
20231213_041605.WAV	Vehicle
20231213_043110.WAV	Vehicle
20231213_044615.WAV	Vehicle
20231213_050120.WAV	Vehicle
20231213_051625.WAV	Vehicle
20231213_053130.WAV	Vehicle
20231213_054635.WAV	Vehicle
20231213_060140.WAV	Vehicle
20231213_061645.WAV	Vehicle
20231213_063150.WAV	Vehicle
20231213_064655.WAV	Vehicle
20231213_070200.WAV	Vehicle
20231213_071705.WAV	Vehicle
20231213_073210.WAV	Vehicle
20231213_074715.WAV	Vehicle
20231213_080220.WAV	Vehicle
20231213_081725.WAV	Vehicle
20231213_083230.WAV	Vehicle
20231213_084735.WAV	Vehicle
20231213_090240.WAV	Vehicle
20231213_091745.WAV	Vehicle
20231213_093250.WAV	Vehicle
20231213_094755.WAV	Vehicle
20231213_100300.WAV	Vehicle
20231213_101805.WAV	Vehicle
20231213_103310.WAV	Vehicle
20231213_104815.WAV	Vehicle
20231213_110320.WAV	Vehicle
20231213_111825.WAV	Vehicle
20231213_113330.WAV	Vehicle
20231213_114835.WAV	Vehicle
20231213_120340.WAV	Vehicle
20231213_121845.WAV	Vehicle
20231213_123350.WAV	Vehicle
20231213_124855.WAV	Vehicle
20231213_130400.WAV	Vehicle
20231213_131905.WAV	Vehicle
20231213_133410.WAV	Vehicle
20231213_134915.WAV	Vehicle
20231213_140420.WAV	Vehicle
20231213_141925.WAV	Vehicle
20231213_143430.WAV	Vehicle
20231213_144935.WAV	Vehicle
20231213_150440.WAV	Vehicle
20231213_151945.WAV	Vehicle
20231213_153450.WAV	Vehicle
20231213_154955.WAV	Vehicle
20231213_160500.WAV	Vehicle
20231213_162005.WAV	Vehicle
20231213_163510.WAV	Vehicle
20231213_165015.WAV	Vehicle
20231213_170520.WAV	Vehicle
20231213_172025.WAV	Vehicle
20231213_173530.WAV	Vehicle
20231213_175035.WAV	Vehicle
20231213_180540.WAV	Vehicle
20231213_182045.WAV	Vehicle
20231213_183550.WAV	Vehicle
20231213_185055.WAV	Vehicle
20231213_190600.WAV	Vehicle
20231213_192105.WAV	Vehicle
20231213_193610.WAV	Vehicle
20231213_195115.WAV	Vehicle
20231213_200620.WAV	Vehicle
20231213_202125.WAV	Vehicle
20231213_203630.WAV	Vehicle
20231213_205135.WAV	Vehicle
20231213_210640.WAV	Vehicle
20231213_212145.WAV	Vehicle
20231213_213650.WAV	Vehicle
20231213_215155.WAV	Vehicle
20231213_220700.WAV	Vehicle
20231213_222205.WAV	Vehicle
20231213_223710.WAV	Vehicle
20231213_225215.WAV	Vehicle
20231213_230720.WAV	Vehicle
20231213_232225.WAV	Vehicle
20231213_233730.WAV	Vehicle
20231213_235235.WAV	Vehicle
20231214_000740.WAV	Vehicle
20231214_002245.WAV	Vehicle
20231214_003750.WAV	Vehicle
20231214_011505.WAV	Vehicle
20231214_013010.WAV	Vehicle
20231214_014515.WAV	Vehicle
20231214_020020.WAV	Vehicle
20231214_021525.WAV	Vehicle
20231214_023030.WAV	Vehicle
20231214_024535.WAV	Vehicle
20231214_030040.WAV	Vehicle
20231214_031545.WAV	Vehicle
20231214_033050.WAV	Vehicle
20231214_034555.WAV	Vehicle
20231214_040100.WAV	Vehicle
20231214_041605.WAV	Vehicle
20231214_043110.WAV	Vehicle
20231214_044615.WAV	Vehicle
20231214_050120.WAV	Vehicle
20231214_051625.WAV	Vehicle
20231214_053130.WAV	Vehicle
20231214_054635.WAV	Vehicle
20231214_060140.WAV	Vehicle
20231214_061645.WAV	Vehicle
20231214_063150.WAV	Vehicle
20231214_064655.WAV	Vehicle
20231214_070200.WAV	Vehicle
20231214_071705.WAV	Vehicle
20231214_073210.WAV	Vehicle
20231214_074715.WAV	Vehicle
20231214_080220.WAV	Vehicle
20231214_081725.WAV	Vehicle
20231214_083230.WAV	Vehicle
20231214_084735.WAV	Vehicle
20231214_090240.WAV	Vehicle
20231214_091745.WAV	Vehicle
20231214_093250.WAV	Vehicle
20231214_094755.WAV	Vehicle
20231214_100300.WAV	Vehicle
20231214_101805.WAV	Vehicle
20231214_103310.WAV	Vehicle
20231214_104815.WAV	Vehicle
20231214_110320.WAV	Vehicle
20231214_111825.WAV	Vehicle
20231214_113330.WAV	Vehicle
20231214_114835.WAV	Vehicle
20231214_120340.WAV	Vehicle
20231214_121845.WAV	Vehicle
20231214_123350.WAV	Vehicle
20231214_124855.WAV	Vehicle
20231214_130400.WAV	Vehicle
20231214_131905.WAV	Vehicle
20231214_133410.WAV	Vehicle
20231214_134915.WAV	Vehicle
20231214_140420.WAV	Vehicle
20231214_141925.WAV	Vehicle
20231214_143430.WAV	Vehicle
20231214_144935.WAV	Vehicle
20231214_150440.WAV	Vehicle
20231214_151945.WAV	Vehicle
20231214_153450.WAV	Vehicle
20231214_154955.WAV	Vehicle
20231214_160500.WAV	Vehicle
20231214_162005.WAV	Vehicle
20231214_163510.WAV	Vehicle
20231214_165015.WAV	Vehicle
20231214_170520.WAV	Vehicle
20231214_172025.WAV	Vehicle
20231214_173530.WAV	Vehicle
20231214_175035.WAV	Vehicle
20231214_180540.WAV	Vehicle
20231214_182045.WAV	Vehicle
20231214_183550.WAV	Vehicle
20231214_185055.WAV	Vehicle
20231214_190600.WAV	Vehicle
20231214_192105.WAV	Vehicle
20231214_193610.WAV	Vehicle
20231214_195115.WAV	Vehicle
20231214_200620.WAV	Vehicle
20231214_202125.WAV	Vehicle
20231214_203630.WAV	Vehicle
20231214_205135.WAV	Vehicle
20231214_210640.WAV	Vehicle
20231214_212145.WAV	Vehicle
20231214_213650.WAV	Vehicle
20231214_215155.WAV	Vehicle
20231214_220700.WAV	Vehicle
20231214_222205.WAV	Vehicle
20231214_223710.WAV	Vehicle
20231214_225215.WAV	Vehicle
20231214_230720.WAV	Vehicle
20231214_232225.WAV	Vehicle
20231214_233730.WAV	Vehicle
20231214_235235.WAV	Vehicle
20231215_000740.WAV	Vehicle
20231215_002245.WAV	Vehicle
20231215_003750.WAV	Vehicle
20231215_011505.WAV	Vehicle
20231215_013010.WAV	Vehicle
20231215_014515.WAV	Vehicle
20231215_020020.WAV	Vehicle
20231215_021525.WAV	Vehicle
20231215_023030.WAV	Vehicle
20231215_024535.WAV	Vehicle
20231215_030040.WAV	Vehicle
20231215_031545.WAV	Vehicle
20231215_033050.WAV	Vehicle
20231215_034555.WAV	Vehicle
20231215_040100.WAV	Vehicle
20231215_041605.WAV	Vehicle
20231215_043110.WAV	Vehicle
20231215_044615.WAV	Vehicle
20231215_050120.WAV	Vehicle
20231215_051625.WAV	Vehicle
20231215_053130.WAV	Vehicle
20231215_054635.WAV	Vehicle
20231215_060140.WAV	Vehicle
20231215_061645.WAV	Bicycle
20231215_063150.WAV	Vehicle
20231215_064655.WAV	Vehicle
20231215_070200.WAV	Vehicle
20231215_071705.WAV	Vehicle
20231215_073210.WAV	Vehicle
20231215_074715.WAV	Vehicle
20231215_080220.WAV	Vehicle
20231215_081725.WAV	Vehicle
20231215_083230.WAV	Vehicle
20231215_084735.WAV	Vehicle
20231215_090240.WAV	Vehicle
20231215_091745.WAV	Vehicle
20231215_093250.WAV	Vehicle
20231215_094755.WAV	Vehicle
20231215_100300.WAV	Vehicle
20231215_101805.WAV	Vehicle
20231215_103310.WAV	Vehicle
20231215_104815.WAV	Vehicle
20231215_110320.WAV	Vehicle
20231215_111825.WAV	Vehicle
20231215_113330.WAV	Vehicle
20231215_114835.WAV	Vehicle
20231215_120340.WAV	Vehicle
20231215_121845.WAV	Vehicle
20231215_123350.WAV	Vehicle
20231215_124855.WAV	Vehicle
20231215_130400.WAV	Vehicle
20231215_131905.WAV	Vehicle
20231215_133410.WAV	Vehicle
20231215_134915.WAV	Vehicle
20231215_140420.WAV	Vehicle
20231215_141925.WAV	Vehicle
20231215_143430.WAV	Vehicle
20231215_144935.WAV	Vehicle
20231215_150440.WAV	Vehicle
20231215_151945.WAV	Vehicle
20231215_153450.WAV	Vehicle
20231215_154955.WAV	Vehicle
20231215_160500.WAV	Vehicle
20231215_162005.WAV	Vehicle
20231215_163510.WAV	Vehicle
20231215_165015.WAV	Vehicle
20231215_170520.WAV	Vehicle
20231215_172025.WAV	Vehicle
20231215_173530.WAV	Vehicle
20231215_175035.WAV	Vehicle
20231215_180540.WAV	Vehicle
20231215_182045.WAV	Vehicle
20231215_183550.WAV	Vehicle
20231215_185055.WAV	Vehicle
20231215_190600.WAV	Vehicle
20231215_192105.WAV	Vehicle
20231215_193610.WAV	Vehicle
20231215_195115.WAV	Vehicle
20231215_200620.WAV	Vehicle
20231215_202125.WAV	Vehicle
20231215_203630.WAV	Vehicle
20231215_205135.WAV	Vehicle
20231215_210640.WAV	Vehicle
20231215_212145.WAV	Vehicle
20231215_213650.WAV	Vehicle
20231215_215155.WAV	Vehicle
20231215_220700.WAV	Vehicle
20231215_222205.WAV	Vehicle
20231215_223710.WAV	Vehicle
20231215_225215.WAV	Vehicle
20231215_230720.WAV	Vehicle
20231215_232225.WAV	Vehicle
20231215_233730.WAV	Vehicle
20231215_235235.WAV	Vehicle
20231216_000740.WAV	Vehicle
20231216_002245.WAV	Vehicle
20231216_003750.WAV	Vehicle
20231216_011505.WAV	Vehicle
20231216_013010.WAV	Vehicle
20231216_014515.WAV	Vehicle
20231216_020020.WAV	Animal
20231216_021525.WAV	Animal
20231216_023030.WAV	Animal
20231216_024535.WAV	Inside, small room
20231216_030040.WAV	Animal
20231216_031545.WAV	Animal
20231216_033050.WAV	Animal
20231216_034555.WAV	Animal
20231216_040100.WAV	Animal
20231216_041605.WAV	Animal
20231216_043110.WAV	Animal
20231216_044615.WAV	Animal
20231216_050120.WAV	Animal
20231216_051625.WAV	Animal
20231216_053130.WAV	Breathing
20231216_054635.WAV	Breathing
20231216_060140.WAV	Animal
20231216_061645.WAV	Inside, small room
20231216_063150.WAV	Vehicle
20231216_064655.WAV	Vehicle
20231216_070200.WAV	Vehicle
20231216_071705.WAV	Vehicle
20231216_073210.WAV	Vehicle
20231216_074715.WAV	Vehicle
20231216_080220.WAV	Vehicle
20231216_081725.WAV	Vehicle
20231216_083230.WAV	Vehicle
20231216_084735.WAV	Vehicle
20231216_090240.WAV	Vehicle
20231216_091745.WAV	Vehicle
20231216_093250.WAV	Vehicle
20231216_094755.WAV	Vehicle
20231216_100300.WAV	Vehicle
20231216_101805.WAV	Vehicle
20231216_103310.WAV	Vehicle
20231216_104815.WAV	Vehicle
20231216_110320.WAV	Vehicle
20231216_111825.WAV	Vehicle
20231216_113330.WAV	Vehicle
20231216_114835.WAV	Vehicle
20231216_120340.WAV	Vehicle
20231216_121845.WAV	Vehicle
20231216_123350.WAV	Vehicle
20231216_124855.WAV	Vehicle
20231216_130400.WAV	Vehicle
20231216_131905.WAV	Vehicle
20231216_133410.WAV	Vehicle
20231216_134915.WAV	Vehicle
20231216_140420.WAV	Vehicle
20231216_141925.WAV	Vehicle
20231216_143430.WAV	Vehicle
20231216_144935.WAV	Vehicle
20231216_150440.WAV	Vehicle
20231216_151945.WAV	Vehicle
20231216_153450.WAV	Vehicle
20231216_154955.WAV	Vehicle
20231216_160500.WAV	Vehicle
20231216_162005.WAV	Vehicle
20231216_163510.WAV	Vehicle
20231216_165015.WAV	Vehicle
20231216_170520.WAV	Vehicle
20231216_172025.WAV	Vehicle
20231216_173530.WAV	Vehicle
20231216_175035.WAV	Vehicle
20231216_180540.WAV	Vehicle
20231216_182045.WAV	Vehicle
20231216_183550.WAV	Vehicle
20231216_185055.WAV	Vehicle
20231216_190600.WAV	Vehicle
20231216_192105.WAV	Vehicle
20231216_193610.WAV	Vehicle
20231216_195115.WAV	Vehicle
20231216_200620.WAV	Vehicle
20231216_202125.WAV	Vehicle
20231216_203630.WAV	Vehicle
20231216_205135.WAV	Vehicle
20231216_210640.WAV	Vehicle
20231216_212145.WAV	Vehicle
20231216_213650.WAV	Vehicle
20231216_215155.WAV	Vehicle
20231216_220700.WAV	Vehicle
20231216_222205.WAV	Vehicle
20231216_223710.WAV	Vehicle
20231216_225215.WAV	Vehicle
20231216_230720.WAV	Vehicle
20231216_232225.WAV	Vehicle
20231216_233730.WAV	Vehicle
20231216_235235.WAV	Vehicle
20231217_000740.WAV	Vehicle
20231217_002245.WAV	Vehicle
20231217_003750.WAV	Vehicle
20231217_011505.WAV	Vehicle
20231217_013010.WAV	Vehicle
20231217_014515.WAV	Vehicle
20231217_020020.WAV	Vehicle
20231217_021525.WAV	Vehicle
20231217_023030.WAV	Vehicle
20231217_024535.WAV	Vehicle
20231217_030040.WAV	Vehicle
20231217_031545.WAV	Vehicle
20231217_033050.WAV	Vehicle
20231217_034555.WAV	Vehicle
20231217_040100.WAV	Vehicle
20231217_041605.WAV	Vehicle
20231217_043110.WAV	Vehicle
20231217_044615.WAV	Vehicle
20231217_050120.WAV	Vehicle
20231217_051625.WAV	Vehicle
20231217_053130.WAV	Vehicle
20231217_054635.WAV	Vehicle
20231217_060140.WAV	Vehicle
20231217_061645.WAV	Vehicle
20231217_063150.WAV	Vehicle
20231217_064655.WAV	Vehicle
20231217_070200.WAV	Vehicle
20231217_071705.WAV	Vehicle
20231217_073210.WAV	Vehicle
20231217_074715.WAV	Vehicle
20231217_080220.WAV	Vehicle
20231217_081725.WAV	Vehicle
20231217_083230.WAV	Vehicle
20231217_084735.WAV	Vehicle
20231217_090240.WAV	Vehicle
20231217_091745.WAV	Vehicle
20231217_093250.WAV	Vehicle
20231217_094755.WAV	Vehicle
20231217_100300.WAV	Vehicle
20231217_101805.WAV	Vehicle
20231217_103310.WAV	Vehicle
20231217_104815.WAV	Vehicle
20231217_110320.WAV	Vehicle
20231217_111825.WAV	Vehicle
20231217_113330.WAV	Vehicle
20231217_114835.WAV	Vehicle
20231217_120340.WAV	Vehicle
20231217_121845.WAV	Vehicle
20231217_123350.WAV	Vehicle
20231217_124855.WAV	Vehicle
20231217_130400.WAV	Vehicle
20231217_131905.WAV	Vehicle
20231217_133410.WAV	Vehicle
20231217_134915.WAV	Vehicle
20231217_140420.WAV	Vehicle
20231217_141925.WAV	Vehicle
20231217_143430.WAV	Vehicle
20231217_144935.WAV	Vehicle
20231217_150440.WAV	Vehicle
20231217_151945.WAV	Vehicle
20231217_153450.WAV	Vehicle
20231217_154955.WAV	Vehicle
20231217_160500.WAV	Vehicle
20231217_162005.WAV	Vehicle
20231217_163510.WAV	Vehicle
20231217_165015.WAV	Vehicle
20231217_170520.WAV	Vehicle
20231217_172025.WAV	Vehicle
20231217_173530.WAV	Vehicle
20231217_175035.WAV	Vehicle
20231217_180540.WAV	Vehicle
20231217_182045.WAV	Vehicle
20231217_183550.WAV	Vehicle
20231217_185055.WAV	Vehicle
20231217_190600.WAV	Vehicle
20231217_192105.WAV	Vehicle
20231217_193610.WAV	Vehicle
20231217_195115.WAV	Vehicle
20231217_200620.WAV	Vehicle
20231217_202125.WAV	Vehicle
20231217_203630.WAV	Vehicle
20231217_205135.WAV	Vehicle
20231217_210640.WAV	Vehicle
20231217_212145.WAV	Vehicle
20231217_213650.WAV	Vehicle
20231217_215155.WAV	Vehicle
20231217_220700.WAV	Vehicle
20231217_222205.WAV	Inside, small room
20231217_223710.WAV	Inside, small room
20231217_225215.WAV	White noise
20231217_230720.WAV	White noise
20231217_232225.WAV	White noise
20231217_233730.WAV	Inside, small room
20231217_235235.WAV	Inside, small room
20231218_000740.WAV	White noise
20231218_002245.WAV	White noise
20231218_003750.WAV	Inside, small room
20231218_011505.WAV	Vehicle
20231218_013010.WAV	Heart sounds, heartbeat
20231218_014515.WAV	Heart sounds, heartbeat
20231218_020020.WAV	Heart sounds, heartbeat
20231218_021525.WAV	Heart sounds, heartbeat
20231218_023030.WAV	Heart sounds, heartbeat
20231218_024535.WAV	Heart sounds, heartbeat
20231218_030040.WAV	Vehicle
20231218_031545.WAV	Heart sounds, heartbeat
20231218_033050.WAV	Heart sounds, heartbeat
20231218_034555.WAV	Vehicle
20231218_040100.WAV	Vehicle
20231218_041605.WAV	Vehicle
20231218_043110.WAV	Vehicle
20231218_044615.WAV	Vehicle
20231218_050120.WAV	Heart sounds, heartbeat
20231218_051625.WAV	Heart sounds, heartbeat
20231218_053130.WAV	Heart sounds, heartbeat
20231218_054635.WAV	Heart sounds, heartbeat
20231218_060140.WAV	White noise
20231218_061645.WAV	White noise
20231218_063150.WAV	Vehicle
20231218_064655.WAV	Vehicle
20231218_070200.WAV	Vehicle
20231218_071705.WAV	Vehicle
20231218_073210.WAV	Vehicle
20231218_074715.WAV	Vehicle
20231218_080220.WAV	Vehicle
20231218_081725.WAV	Vehicle
20231218_083230.WAV	Vehicle
20231218_084735.WAV	Vehicle
20231218_090240.WAV	Vehicle
20231218_091745.WAV	Vehicle
20231218_093250.WAV	Vehicle
20231218_094755.WAV	Vehicle
20231218_100300.WAV	Vehicle
20231218_101805.WAV	Vehicle
20231218_103310.WAV	Vehicle
20231218_104815.WAV	Vehicle
20231218_110320.WAV	Vehicle
20231218_111825.WAV	Vehicle
20231218_113330.WAV	Vehicle
20231218_114835.WAV	Vehicle
20231218_120340.WAV	Vehicle
20231218_121845.WAV	Vehicle
20231218_123350.WAV	Vehicle
20231218_124855.WAV	Vehicle
20231218_130400.WAV	Vehicle
20231218_131905.WAV	Vehicle
20231218_133410.WAV	Vehicle
20231218_134915.WAV	Vehicle
20231218_140420.WAV	Vehicle
20231218_141925.WAV	Vehicle
20231218_143430.WAV	Vehicle
20231218_144935.WAV	Vehicle
20231218_150440.WAV	Vehicle
20231218_151945.WAV	Vehicle
20231218_153450.WAV	Vehicle
20231218_154955.WAV	Vehicle
20231218_160500.WAV	Vehicle
20231218_162005.WAV	Vehicle
20231218_163510.WAV	Vehicle
20231218_165015.WAV	Vehicle
20231218_170520.WAV	Vehicle
20231218_172025.WAV	Vehicle
20231218_173530.WAV	Vehicle
20231218_175035.WAV	Vehicle
20231218_180540.WAV	Vehicle
20231218_182045.WAV	Vehicle
20231218_183550.WAV	Vehicle
20231218_185055.WAV	Vehicle
20231218_190600.WAV	Vehicle
20231218_192105.WAV	Vehicle
20231218_193610.WAV	Inside, small room
20231218_195115.WAV	Inside, small room
20231218_200620.WAV	Inside, small room
20231218_202125.WAV	Inside, small room
20231218_203630.WAV	Vehicle
20231218_205135.WAV	Vehicle
20231218_210640.WAV	Vehicle
20231218_212145.WAV	Vehicle
20231218_213650.WAV	Vehicle
20231218_215155.WAV	Vehicle
20231218_220700.WAV	Inside, small room
20231218_222205.WAV	Inside, small room
20231218_223710.WAV	Inside, small room
20231218_225215.WAV	Inside, small room
20231218_230720.WAV	Inside, small room
20231218_232225.WAV	Inside, small room
20231218_233730.WAV	Vehicle
20231218_235235.WAV	Inside, small room
20231219_000740.WAV	Inside, small room
20231219_002245.WAV	Inside, small room
20231219_003750.WAV	Inside, small room
20231219_011505.WAV	Inside, small room
20231219_013010.WAV	Inside, small room
20231219_014515.WAV	Vehicle
20231219_020020.WAV	Inside, small room
20231219_021525.WAV	Inside, small room
20231219_023030.WAV	Inside, small room
20231219_024535.WAV	Inside, small room
20231219_030040.WAV	Inside, small room
20231219_031545.WAV	Vehicle
20231219_033050.WAV	Inside, small room
20231219_034555.WAV	Inside, small room
20231219_040100.WAV	Inside, small room
20231219_041605.WAV	Inside, small room
20231219_043110.WAV	Inside, small room
20231219_044615.WAV	Inside, small room
20231219_050120.WAV	Inside, small room
20231219_051625.WAV	Inside, small room
20231219_053130.WAV	Inside, small room
20231219_054635.WAV	Inside, small room
20231219_060140.WAV	Inside, small room
20231219_061645.WAV	Inside, small room
20231219_063150.WAV	Vehicle
20231219_064655.WAV	Vehicle
20231219_070200.WAV	Vehicle
20231219_071705.WAV	Vehicle
20231219_073210.WAV	Vehicle
20231219_074715.WAV	Vehicle
20231219_080220.WAV	Vehicle
20231219_081725.WAV	Vehicle
20231219_083230.WAV	Vehicle
20231219_084735.WAV	Vehicle
20231219_090240.WAV	Vehicle
20231219_091745.WAV	Vehicle
20231219_093250.WAV	Vehicle
20231219_094755.WAV	Vehicle
20231219_101805.WAV	Vehicle
20231219_103310.WAV	Vehicle
20231219_110320.WAV	Vehicle
20231219_111825.WAV	Vehicle
20231219_114835.WAV	Vehicle
20231219_120340.WAV	Vehicle
20231219_123350.WAV	Vehicle
20231219_124855.WAV	Vehicle
20231219_131905.WAV	Vehicle
20231219_133410.WAV	Vehicle
20231219_140420.WAV	Vehicle
20231219_143430.WAV	Vehicle
20231219_150440.WAV	Vehicle
20231219_153450.WAV	Vehicle
20231219_160500.WAV	Vehicle
20231219_163510.WAV	Vehicle
20231219_172025.WAV	Vehicle
20231219_175035.WAV	Vehicle
20231219_182045.WAV	Vehicle
20231219_185055.WAV	Vehicle
20231219_192105.WAV	Vehicle
20231219_200620.WAV	Vehicle
20231219_203630.WAV	Snort
20231219_213650.WAV	Vehicle
20231220_024535.WAV	Vehicle
20231220_034555.WAV	Vehicle
