index,Unnamed: 0,segment_id,start_time_seconds,end_time_seconds,label,duration_x,clip_id,conjunto,filename,duration_y
38905,105626,lFzhCz2Uzaw_23000,0.0,10.0,/m/012f08,10.0,-0x4e62cc174a2aafae,entrenamiento,-0x4e62cc174a2aafae,10.0188125
39376,107251,ZtmqZl5OOLU_0,0.753,10.0,/m/012f08,9.247,-0x3d8e11ec7cfbf90f,entrenamiento,-0x3d8e11ec7cfbf90f,9.9735
39251,106785,3vBu3hZCzSM_0,0.028,10.0,/m/012f08,9.972,0x4b51a6759c574baf,entrenamiento,0x4b51a6759c574baf,9.9735
39115,106325,pmqr5sarP_A_10000,0.883,4.083,/m/012f08,3.2,-0x5594637e57a51d15,entrenamiento,-0x5594637e57a51d15,4.0535
39390,107305,pLObOvNq6pg_20000,0.0,10.0,/m/012f08,10.0,0x2ac5fbb9a3991d3b,entrenamiento,0x2ac5fbb9a3991d3b,10.0001875
39001,105965,lKs05DCaO4A_17000,0.0,9.517,/m/012f08,9.517,0x1bb90b09051a146c,entrenamiento,0x1bb90b09051a146c,9.5171875
39357,107164,9w3RzoD3BAc_12000,6.123,9.432,/m/012f08,3.309,0xf8d856a47cc218e,entrenamiento,0xf8d856a47cc218e,3.3090625
39145,106415,95Z6hMGuWRA_27000,0.0,9.897,/m/012f08,9.897,-0x519fa29a53199ef7,entrenamiento,-0x519fa29a53199ef7,9.91975
39072,106201,0TeYskXhwbM_30000,9.382,10.0,/m/012f08,0.6180000000000003,-0x2a7d11b14764dadd,entrenamiento,-0x2a7d11b14764dadd,0.618
39057,106159,f-dQYBH-7dQ_30000,6.297,10.0,/m/012f08,3.703,-0x43bca8744f039c84,entrenamiento,-0x43bca8744f039c84,3.711
45836,125385,V9vQFBkf5cA_100000,4.764,10.0,/m/012n7d,5.236,-0x75c46c21187417bb,entrenamiento,-0x75c46c21187417bb,5.2521875
45851,125424,nC_IPV1fOVg_0,0.086,8.004,/m/012n7d,7.917999999999999,-0x7ee14e683ee841c0,entrenamiento,-0x7ee14e683ee841c0,7.9735
45863,125459,g4n4_16-MQA_0,0.048,6.661,/m/012n7d,6.613,0x46150821e5cb1f9f,entrenamiento,0x46150821e5cb1f9f,6.6135
45866,125471,7lAs7IWYbsY_11000,0.0,9.457,/m/012n7d,9.457,-0x3f0560177a009aee,entrenamiento,-0x3f0560177a009aee,10.4135625
45843,125409,fKnhL9H-jFA_80000,2.873,10.0,/m/012n7d,7.127,0x406a3a9f2cf272bc,entrenamiento,0x406a3a9f2cf272bc,9.9735
45855,125431,enL18sXbrXM_12000,0.0,9.107,/m/012n7d,9.107,0x15fbf7e1b3c151,entrenamiento,0x15fbf7e1b3c151,11.06375
45847,125418,UbkUtLiMNSI_100000,0.0,0.292,/m/012n7d,0.292,0x3a8d790e3d5c3aec,entrenamiento,0x3a8d790e3d5c3aec,0.3101875
45823,125345,OVQMFBeCHq0_13000,0.0,9.825,/m/012n7d,9.825,0x35e68806f082bd0e,entrenamiento,0x35e68806f082bd0e,12.782
45861,125449,e1HvXlitvzA_40000,6.913,10.0,/m/012n7d,3.087,0x1fe2fdaceb1874b2,entrenamiento,0x1fe2fdaceb1874b2,3.1028125
45840,125398,04xrg4ZEU-A_10000,0.135,0.753,/m/012n7d,0.618,-0x2ec79c9c104caa9,entrenamiento,-0x2ec79c9c104caa9,0.7335
26687,75337,qAnq9qcmoWA_5000,9.396,9.864,/m/015p6,0.4679999999999999,0x649c26126c758060,entrenamiento,0x649c26126c758060,0.42275
26599,75112,c5YCUACICqM_30000,2.835,10.0,/m/015p6,7.165,-0x78da0de42598c878,entrenamiento,-0x78da0de42598c878,9.9735
26574,75050,FQRBUmbebmA_0,1.747,2.584,/m/015p6,0.837,-0x7821db560644495b,entrenamiento,-0x7821db560644495b,0.853625
26542,74952,vViUmqUrww8_19000,7.58,7.678,/m/015p6,0.0979999999999998,-0x5946f02b8cb93dc4,entrenamiento,-0x5946f02b8cb93dc4,0.1135
26827,75662,MzlNccZXWjw_30000,2.504,3.255,/m/015p6,0.7509999999999999,-0x5801ea11ad2934b,entrenamiento,-0x5801ea11ad2934b,3.2335
26581,75061,LaSdNOiwcSM_30000,2.065,2.443,/m/015p6,0.3780000000000001,0x5048ef3f146d0d8f,entrenamiento,0x5048ef3f146d0d8f,2.4135
26564,75017,P4jwC6Q7R6M_190000,0.961,1.709,/m/015p6,0.7480000000000001,-0x26f52a1b49e59d33,entrenamiento,-0x26f52a1b49e59d33,1.6935
26568,75042,aRYOkUUBuz4_30000,1.934,2.596,/m/015p6,0.6620000000000001,-0x1da1fa8ba6262f59,entrenamiento,-0x1da1fa8ba6262f59,2.5735
26776,75557,_9jodjs9jtk_410000,1.031,1.583,/m/015p6,0.552,0x74900d6ffa058bd4,entrenamiento,0x74900d6ffa058bd4,1.5535
26830,75668,adGaKeEi1RM_30000,2.834,2.961,/m/015p6,0.1269999999999997,-0x3b36717a4c94f34f,entrenamiento,-0x3b36717a4c94f34f,2.9335
47568,130341,Egf67CC1D_0_27000,8.589,9.104,/m/01h82_,0.5149999999999988,0xabbd0e5375918d4,entrenamiento,0xabbd0e5375918d4,0.5180625
47538,130249,Ah304Vt9l9U_0,0.0,10.0,/m/01h82_,10.0,-0x7ba3cc47def55cd8,entrenamiento,-0x7ba3cc47def55cd8,9.9935
47546,130296,2DLP1O8ogW8_0,0.066,10.0,/m/01h82_,9.934,-0x2ad20b93a84f9a62,entrenamiento,-0x2ad20b93a84f9a62,9.9735
47526,130214,M-KmXTwsohc_30000,0.0,10.0,/m/01h82_,10.0,-0x41057df8ae992304,entrenamiento,-0x41057df8ae992304,10.008
47533,130231,1Wdh2x18NNA_30000,0.0,10.0,/m/01h82_,10.0,-0x13d7e29f7a8be71e,entrenamiento,-0x13d7e29f7a8be71e,10.008
47626,130568,pGlkAZK6Cis_3000,7.108,7.444,/m/01h82_,0.3360000000000003,-0x56322b78ce11a8e1,entrenamiento,-0x56322b78ce11a8e1,0.3335
47577,130363,ZOF5mKg2zMY_0,5.27,6.281,/m/01h82_,1.011,0x16081e9dfea88c81,entrenamiento,0x16081e9dfea88c81,1.022625
47541,130267,jZX5twZFMzE_260000,1.588,4.846,/m/01h82_,3.258,-0x4522854fa7326e73,entrenamiento,-0x4522854fa7326e73,4.8135
47588,130403,4bp-AKTPBYE_3000,0.0,9.225,/m/01h82_,9.225,-0x42ddcca96f171e86,entrenamiento,-0x42ddcca96f171e86,12.182125
47561,130334,Egf67CC1D_0_27000,1.921,2.251,/m/01h82_,0.3299999999999998,-0x79622a2b21c7f277,entrenamiento,-0x79622a2b21c7f277,0.336125
16021,50280,QwXwXwmcUXU_30000,2.945,6.244,/m/01h8n0,3.299,0x5bb167ac03c2cc63,entrenamiento,0x5bb167ac03c2cc63,6.2135
15034,48335,DppvNj0JLO4_23000,4.693,9.856,/m/01h8n0,5.163,-0xa34e2925fde6e69,entrenamiento,-0xa34e2925fde6e69,5.16325
14874,48018,JQ_GK10jlB4_80000,0.013,5.109,/m/01h8n0,5.096,0x5808f7a6979d43c9,entrenamiento,0x5808f7a6979d43c9,5.111375
16889,51994,B4M6vp3coH0_30000,0.189,9.472,/m/01h8n0,9.283,0x14bd2bcc9c638264,entrenamiento,0x14bd2bcc9c638264,9.4535
15143,48524,lytBGv0Qe58_30000,0.656,8.813,/m/01h8n0,8.157,-0x7d9e74ce6c0db47e,entrenamiento,-0x7d9e74ce6c0db47e,8.7935
15721,49685,bONEOW9EDi0_30000,0.539,10.0,/m/01h8n0,9.461,0x21ecd929009e1e91,entrenamiento,0x21ecd929009e1e91,9.9735
15323,48857,Op1bXa1FU8I_0,0.0,9.404,/m/01h8n0,9.404,0x2ea69fb399dc4562,entrenamiento,0x2ea69fb399dc4562,9.3935
14147,46613,JJqWAH3wCmM_110000,1.364,2.264,/m/01h8n0,0.8999999999999997,-0x35981e4cdddae58,entrenamiento,-0x35981e4cdddae58,2.2335
14576,47439,8S_RkzFbZdE_30000,1.359,9.907,/m/01h8n0,8.548,0xf26e5cc2803d2e6,entrenamiento,0xf26e5cc2803d2e6,9.8735
16384,50984,JMhytGuXOl4_30000,0.91,10.0,/m/01h8n0,9.09,0x51633c6b68b88ff9,entrenamiento,0x51633c6b68b88ff9,9.9735
21474,62705,rvOkw27qWcs_29000,4.296,4.493,/m/020bb7,0.197,0x662addd0d1198b9c,entrenamiento,0x662addd0d1198b9c,0.2135
23572,67745,SI30NsqDhus_10000,2.312,2.532,/m/020bb7,0.2200000000000002,-0x21f44620a08ce890,entrenamiento,-0x21f44620a08ce890,2.5135
22144,64261,OEQZLR-eMJE_3000,7.902,8.329,/m/020bb7,0.4270000000000005,0x60cea25b2a6f1c55,entrenamiento,0x60cea25b2a6f1c55,0.4335
24980,71259,YzTz7bRIUlw_440000,4.0,4.222,/m/020bb7,0.2220000000000004,0x1d4029c1ff83d7f6,entrenamiento,0x1d4029c1ff83d7f6,0.2441875
21987,63878,DqxBpDRABqI_70000,2.952,3.138,/m/020bb7,0.1859999999999999,0x5ef4c013fb0da6f2,entrenamiento,0x5ef4c013fb0da6f2,3.1135
24020,68869,FCWFhArE1UU_380000,0.323,0.606,/m/020bb7,0.283,0x1457b5d8471cdee7,entrenamiento,0x1457b5d8471cdee7,0.5735
26459,74751,giFdmTCkbEk_0,0.471,0.611,/m/020bb7,0.14,0xa45de1344cc44e2,entrenamiento,0xa45de1344cc44e2,0.1559375
23969,68697,rs1Ma1iBVmY_30000,1.932,3.138,/m/020bb7,1.206,-0x2e0c8dd4cbf7a341,entrenamiento,-0x2e0c8dd4cbf7a341,3.1135
24102,69075,cIlrEnaiUlE_330000,2.893,3.208,/m/020bb7,0.3150000000000004,0x16dba8275ee1b30,entrenamiento,0x16dba8275ee1b30,3.1735
23758,68210,cNp1WgKZS0E_130000,3.726,3.872,/m/020bb7,0.1459999999999999,-0x5126a4823751f342,entrenamiento,-0x5126a4823751f342,0.16025
50543,138241,xQUm482X0fc_440000,0.0,10.0,/m/025wky1,10.0,0x2256ba4998953431,entrenamiento,0x2256ba4998953431,10.00275
50540,138232,_auQYIIj9aU_30000,0.0,10.0,/m/025wky1,10.0,0x20479096e392242e,entrenamiento,0x20479096e392242e,10.008
50542,138238,GMFLfbl2I4k_10000,1.261,10.0,/m/025wky1,8.739,0x3d89afe3bfb462f9,entrenamiento,0x3d89afe3bfb462f9,9.9735
50535,138221,-8zv-p2-fRY_100000,0.0,10.0,/m/025wky1,10.0,-0x2700ee82a43ddf4,entrenamiento,-0x2700ee82a43ddf4,10.016125
50552,138306,GxxcPHvUUg8_60000,0.0,5.634,/m/025wky1,5.634,0x7f1a8f276b2266bd,entrenamiento,0x7f1a8f276b2266bd,5.6428125
50546,138266,6vb-aJvM0PI_20000,0.0,10.0,/m/025wky1,10.0,0x291c633f1b9c337f,entrenamiento,0x291c633f1b9c337f,10.0001875
50548,138284,XsFoDvb8wmM_90000,0.0,10.0,/m/025wky1,10.0,0x6a00ab5c5bf4218e,entrenamiento,0x6a00ab5c5bf4218e,10.00775
50545,138259,MRsarUB6ZuQ_550000,0.0,10.0,/m/025wky1,10.0,0x4b389e2d64d9e2ab,entrenamiento,0x4b389e2d64d9e2ab,10.018875
50544,138256,8v4sEeK2Owc_0,0.0,10.0,/m/025wky1,10.0,0x1caa298d8f7386c8,entrenamiento,0x1caa298d8f7386c8,9.9935
50538,138227,9LNvK8OI9ds_20000,0.0,10.0,/m/025wky1,10.0,-0x321348fee8953b54,entrenamiento,-0x321348fee8953b54,10.0001875
40175,109667,vqVsEaMWYJQ_360000,2.27,2.64,/m/02mfyn,0.3700000000000001,0x850e6c8bb5e0285,entrenamiento,0x850e6c8bb5e0285,2.6135
40079,109440,pY6V3NPNYp4_30000,0.85,1.157,/m/02mfyn,0.307,-0x46d3c9a49d6a5982,entrenamiento,-0x46d3c9a49d6a5982,0.3111875
40087,109458,GPaAbjiyHJ4_20000,2.047,6.354,/m/02mfyn,4.307,0x59a6d4610a01961b,entrenamiento,0x59a6d4610a01961b,6.3335
40088,109459,MrYTVlkSGwg_0,0.579,0.993,/m/02mfyn,0.414,0x7408756769fc9086,entrenamiento,0x7408756769fc9086,0.9735
40142,109606,1SugbVzzM_w_120000,0.127,0.457,/m/02mfyn,0.33,0x7f290a395bd7d3e7,entrenamiento,0x7f290a395bd7d3e7,0.4335
40145,109612,2-BB_iabdPI_0,1.394,1.77,/m/02mfyn,0.3760000000000001,0x482ad267b878979f,entrenamiento,0x482ad267b878979f,1.7535
40101,109481,apaH7oczgoA_90000,1.701,2.009,/m/02mfyn,0.3079999999999998,-0x571d45e57d08a0d5,entrenamiento,-0x571d45e57d08a0d5,1.9935
40182,109693,1_4hxl7RL_I_2000,0.0,0.516,/m/02mfyn,0.516,-0x50ca124ff0f0d82f,entrenamiento,-0x50ca124ff0f0d82f,2.4935
40173,109664,QNKo1W1WRbc_22000,0.0,8.968,/m/02mfyn,8.968,0x6db9c504e913ac4f,entrenamiento,0x6db9c504e913ac4f,10.9335
40090,109461,HVYm2OG8xwE_30000,2.575,4.228,/m/02mfyn,1.6529999999999996,0x161e0b30b8b5d48f,entrenamiento,0x161e0b30b8b5d48f,4.1935
46105,126070,lVvnl7jEv30_1000,0.0,4.74,/m/02mk9,4.74,0xe5737c252b02c10,entrenamiento,0xe5737c252b02c10,5.7135
46139,126172,YDbxalELOOs_210000,2.109,10.0,/m/02mk9,7.891,-0x11562ab6451bd67f,entrenamiento,-0x11562ab6451bd67f,9.9735
46210,126436,TkpbSE_qzcs_30000,0.0,10.0,/m/02mk9,10.0,0x7246d6eaee08e0cb,entrenamiento,0x7246d6eaee08e0cb,10.008
46119,126119,ksvFAh8xd_0_30000,0.008,10.0,/m/02mk9,9.992,0x3eb36fa8f31b7624,entrenamiento,0x3eb36fa8f31b7624,9.9735
46151,126223,6VtoLXnEzLU_2000,8.519,9.033,/m/02mk9,0.5139999999999993,0x472e450ada935520,entrenamiento,0x472e450ada935520,0.4830625
46182,126330,aWcFn4pqU1c_13000,0.0,9.449,/m/02mk9,9.449,-0x40c5f91fecbe59e7,entrenamiento,-0x40c5f91fecbe59e7,12.38725
46149,126219,33-FRVzqj9Q_30000,2.063,10.0,/m/02mk9,7.936999999999999,-0x24a1e18c2bbcb767,entrenamiento,-0x24a1e18c2bbcb767,9.9735
46162,126272,AK6UoJTwXLs_30000,0.008,10.0,/m/02mk9,9.992,-0x4a2abc772096b3e2,entrenamiento,-0x4a2abc772096b3e2,9.9735
46176,126314,1epgSCFJX2k_6000,0.0,10.0,/m/02mk9,10.0,0x73286e272e2f509e,entrenamiento,0x73286e272e2f509e,10.02175
46146,126206,xNfffe4kgPk_0,0.116,3.994,/m/02mk9,3.878,-0x593b539872ac016f,entrenamiento,-0x593b539872ac016f,3.88225
45519,124580,6ssydXrw5Mw_30000,2.759,3.117,/m/02rhddq,0.3580000000000001,-0x4b2d55b4210637fb,entrenamiento,-0x4b2d55b4210637fb,3.0935
45652,124853,VI8GIS4-Y6Y_60000,2.377,3.204,/m/02rhddq,0.8270000000000004,0x640010b3ebfd1f0d,entrenamiento,0x640010b3ebfd1f0d,0.82775
45464,124405,j0LKRz8bR_A_30000,2.899,3.446,/m/02rhddq,0.5470000000000002,-0x41b3d3fc5ed5fe1c,entrenamiento,-0x41b3d3fc5ed5fe1c,3.4135
45361,124157,57QORZOa9eE_28000,5.502,5.991,/m/02rhddq,0.4889999999999999,0x5dde012d52a339eb,entrenamiento,0x5dde012d52a339eb,0.4935
45448,124346,dDJlxNXXEj0_20000,0.608,1.021,/m/02rhddq,0.4129999999999999,0x76c6721885fee969,entrenamiento,0x76c6721885fee969,0.9935
45564,124711,2osfCWJRGBg_30000,2.191,2.657,/m/02rhddq,0.4660000000000002,-0x2ba3ebcef654448d,entrenamiento,-0x2ba3ebcef654448d,0.4795
45624,124798,gDmFCFOlOks_0,0.984,1.357,/m/02rhddq,0.373,0x300772f8b40d40e0,entrenamiento,0x300772f8b40d40e0,0.3735
45193,123829,FJ07e-6Dcqs_30000,0.0,0.598,/m/02rhddq,0.598,0x706fa77bb3fbce48,entrenamiento,0x706fa77bb3fbce48,0.6039375
45195,123831,FJ07e-6Dcqs_30000,3.221,3.709,/m/02rhddq,0.488,0x5c8cc658ad71ae22,entrenamiento,0x5c8cc658ad71ae22,0.494375
45308,124051,EO_JWpGMzaE_30000,6.497,6.812,/m/02rhddq,0.3150000000000004,-0x71c798ecf4721393,entrenamiento,-0x71c798ecf4721393,0.3335
47005,128785,cePwCLP9Dig_1000,0.0,9.913,/m/02x984l,9.913,0x70493377d36b1ef8,entrenamiento,0x70493377d36b1ef8,10.8585625
47022,128868,gUGOiZ1kUGI_380000,0.008,10.0,/m/02x984l,9.992,0x7650d0efdec44df5,entrenamiento,0x7650d0efdec44df5,9.9735
47014,128838,6wtUZBZIjBs_3000,0.0,9.265,/m/02x984l,9.265,0xdda5e05dbb4aa90,entrenamiento,0xdda5e05dbb4aa90,9.283375
47007,128794,6CQEIeLZlqI_19000,0.0,8.898,/m/02x984l,8.898,0x7fcb86ceb43df785,entrenamiento,0x7fcb86ceb43df785,8.910375
47001,128773,j1upQJTWWzo_190000,2.33,2.73,/m/02x984l,0.3999999999999999,0x2720969244efb269,entrenamiento,0x2720969244efb269,2.7135
46983,128687,-L68XDzhn2g_80000,2.476,10.0,/m/02x984l,7.524,-0x4bf490b9525253e2,entrenamiento,-0x4bf490b9525253e2,7.5293125
47009,128805,v3BvfkzFzuE_40000,1.371,10.0,/m/02x984l,8.629,-0x2ebb287cd7d5b66b,entrenamiento,-0x2ebb287cd7d5b66b,9.9735
46984,128693,uMciuiVGM-o_30000,0.0,10.0,/m/02x984l,10.0,-0x7d932573e2607c05,entrenamiento,-0x7d932573e2607c05,10.008
47027,128920,9tSpgOf3kKE_110000,0.251,8.534,/m/02x984l,8.283000000000001,0x4c2cb24e880e5e84,entrenamiento,0x4c2cb24e880e5e84,8.5135
47025,128891,b9GHWtrkrlM_0,1.169,10.0,/m/02x984l,8.831,0x6acf4e5bb6d163fc,entrenamiento,0x6acf4e5bb6d163fc,9.9735
48879,133590,6SWFrb3Q90w_140000,0.405,1.704,/m/030rvx,1.299,0x7cedd53ce464f54b,entrenamiento,0x7cedd53ce464f54b,1.6735
48927,133717,rfoTBOvz9Qs_17000,6.808,7.227,/m/030rvx,0.4190000000000005,-0x2644bdc11fcd4345,entrenamiento,-0x2644bdc11fcd4345,0.4135
48875,133581,99mm9ywlVp4_90000,1.029,1.89,/m/030rvx,0.861,0x36a102696802ac3f,entrenamiento,0x36a102696802ac3f,1.8735
48898,133627,PioQQYM0PzM_30000,0.414,1.528,/m/030rvx,1.114,-0x2f94a61ffc789757,entrenamiento,-0x2f94a61ffc789757,1.4935
48911,133663,_YnwpM4cJMI_80000,2.867,3.074,/m/030rvx,0.2069999999999998,-0xfba2fccbbc87b47,entrenamiento,-0xfba2fccbbc87b47,3.0535
48930,133720,rfoTBOvz9Qs_17000,9.006,9.389,/m/030rvx,0.3829999999999991,-0x3c6645c7cf762102,entrenamiento,-0x3c6645c7cf762102,0.3935
48878,133589,ynN7qBTK2hw_20000,0.176,7.53,/m/030rvx,7.354,0x48c2ba42e0cc30bf,entrenamiento,0x48c2ba42e0cc30bf,7.3735
48884,133595,M1-0hqpMYDo_0,2.54,2.87,/m/030rvx,0.33,0x30badb64c709448c,entrenamiento,0x30badb64c709448c,2.8535
48915,133689,-ikrSfqB0LU_0,0.587,1.13,/m/030rvx,0.5429999999999999,0x1c0021d367c943a2,entrenamiento,0x1c0021d367c943a2,0.5535
48857,133538,w8DYoLeZLQc_30000,2.696,4.33,/m/030rvx,1.634,0x590cac358f5d161b,entrenamiento,0x590cac358f5d161b,1.6463125
46237,126517,y4J-msRR204_360000,7.772,10.0,/m/034srq,2.228,-0x15b6102802fe8300,entrenamiento,-0x15b6102802fe8300,2.238
46280,126677,NloZElzy8WA_11000,0.0,9.55,/m/034srq,9.55,-0x19266067671573d0,entrenamiento,-0x19266067671573d0,9.572875
46346,126891,V9jLqt7Z2dA_30000,0.0,10.0,/m/034srq,10.0,0x671a1802105119e,entrenamiento,0x671a1802105119e,10.008
46215,126454,U8uE-2tz5Sk_30000,2.973,10.0,/m/034srq,7.027,-0x7413c20024025fe3,entrenamiento,-0x7413c20024025fe3,9.9735
46348,126894,0xWD_SlWXBM_80000,2.865,3.734,/m/034srq,0.8689999999999998,-0x11eb900db5c90762,entrenamiento,-0x11eb900db5c90762,3.7135
46360,126942,cjxnDtyw9pE_30000,0.008,10.0,/m/034srq,9.992,0x1a9f87eb258cecc9,entrenamiento,0x1a9f87eb258cecc9,9.9735
46254,126592,arnUeJMTDyc_30000,0.0,9.822,/m/034srq,9.822,0x50959659fac1f05f,entrenamiento,0x50959659fac1f05f,9.82225
46335,126846,Z1InLISDd8k_21000,0.0,9.457,/m/034srq,9.457,-0x6c2ee47eb774de17,entrenamiento,-0x6c2ee47eb774de17,9.4645625
46287,126702,7hNSLbMb-vQ_22000,0.0,9.445,/m/034srq,9.445,-0x5b6a177633d79829,entrenamiento,-0x5b6a177633d79829,11.4135
46309,126772,JXDWYd3L4mI_40000,1.929,3.157,/m/034srq,1.228,-0x34a81821bacb18c3,entrenamiento,-0x34a81821bacb18c3,3.1335
48697,133069,cHalNt0uIz8_130000,0.0,10.0,/m/03j1ly,10.0,0x517dcdb615ca44d2,entrenamiento,0x517dcdb615ca44d2,10.0163125
48720,133157,S6oggwc35is_0,1.161,5.424,/m/03j1ly,4.263,-0x3d5289b81dde77cc,entrenamiento,-0x3d5289b81dde77cc,5.3935
48719,133151,hwr1RzU_fDE_410000,1.904,5.264,/m/03j1ly,3.3600000000000003,0x4101b57359010dc1,entrenamiento,0x4101b57359010dc1,5.2335
48702,133081,lS-ze9KlSRE_0,1.559,10.0,/m/03j1ly,8.441,0x72902b04831ade7,entrenamiento,0x72902b04831ade7,9.9735
48707,133102,iT9dFpbqj-s_26000,8.515,9.155,/m/03j1ly,0.6399999999999988,-0x2777d320a51de521,entrenamiento,-0x2777d320a51de521,0.6535
48705,133095,ysNK5RVF3Zw_0,0.268,10.0,/m/03j1ly,9.732,-0x64f374a5640a1df,entrenamiento,-0x64f374a5640a1df,9.9735
48726,133171,3SY0x9DGB60_30000,0.0,7.609,/m/03j1ly,7.609,-0x4209535f81757555,entrenamiento,-0x4209535f81757555,7.6156875
48692,133054,eBiM8S755gs_220000,0.0,1.427,/m/03j1ly,1.427,0xf7a7f76b6b46562,entrenamiento,0xf7a7f76b6b46562,1.4486875
48712,133125,FuxDgrbnLkk_30000,0.0,10.0,/m/03j1ly,10.0,-0x73ca25f5b2541494,entrenamiento,-0x73ca25f5b2541494,10.008
48708,133104,rhUfN81puDI_0,0.276,10.0,/m/03j1ly,9.724,-0x1eecd65ddf2458a5,entrenamiento,-0x1eecd65ddf2458a5,9.9735
46756,127876,dorWrFpbMo4_290000,0.065,6.691,/m/03kmc9,6.626,-0x2578a712b794e0f2,entrenamiento,-0x2578a712b794e0f2,6.6735
46793,127987,3V4NtS50ptI_60000,1.855,10.0,/m/03kmc9,8.145,-0x685150c3c9f937d8,entrenamiento,-0x685150c3c9f937d8,9.9735
46673,127645,3Otx5V-Tj1I_30000,0.0,9.382,/m/03kmc9,9.382,-0x46a709074af98822,entrenamiento,-0x46a709074af98822,9.40425
46675,127656,NYTsZvh1J2E_70000,0.008,10.0,/m/03kmc9,9.992,0x2ede9199b262a84d,entrenamiento,0x2ede9199b262a84d,9.9735
46773,127936,xmhXvD-BCT0_4000,6.129,6.81,/m/03kmc9,0.681,-0x55810c6524900dcf,entrenamiento,-0x55810c6524900dcf,0.6935
46833,128116,93QR6nEsX2Y_30000,0.781,6.748,/m/03kmc9,5.9670000000000005,-0x1d0205f3cc02de84,entrenamiento,-0x1d0205f3cc02de84,6.7135
46720,127777,fK07CyxnhQQ_30000,5.467,10.0,/m/03kmc9,4.533,-0x51ce3129934493b4,entrenamiento,-0x51ce3129934493b4,4.541
46652,127592,8uAakw-p9Sc_0,0.066,8.359,/m/03kmc9,8.293,-0x60dbdda15a1d0615,entrenamiento,-0x60dbdda15a1d0615,8.2935
46768,127920,zUXR5U5muxY_19000,6.012,7.695,/m/03kmc9,1.6830000000000007,0x3d34f7d1c91cb6db,entrenamiento,0x3d34f7d1c91cb6db,1.6935
46725,127788,PTfkYnRM1No_6000,7.417,8.031,/m/03kmc9,0.6140000000000008,-0x4a83c778a1568f82,entrenamiento,-0x4a83c778a1568f82,0.6335
50253,137525,IgkBCH1VERM_30000,0.322,0.582,/m/03l9g,0.2599999999999999,-0x4d261c573e4a0c66,entrenamiento,-0x4d261c573e4a0c66,0.5535
49860,136552,B0tARu8Tj2o_20000,1.397,1.592,/m/03l9g,0.195,-0x7c280f498060c40e,entrenamiento,-0x7c280f498060c40e,0.1975625
50206,137433,wXxo_Q6e_xA_20000,2.041,2.236,/m/03l9g,0.1950000000000002,0x771e359a767c0ce4,entrenamiento,0x771e359a767c0ce4,2.2135
49722,136162,U8YGE7sDuTI_30000,8.486,9.299,/m/03l9g,0.8129999999999988,0x5b1e2980c0f5be73,entrenamiento,0x5b1e2980c0f5be73,0.825375
49750,136296,fpzMeDAeF0I_30000,7.818,8.999,/m/03l9g,1.181000000000001,-0x1b373b0999c42be8,entrenamiento,-0x1b373b0999c42be8,1.1915
50504,138149,2y4NmcJ6_Ag_560000,5.009,5.164,/m/03l9g,0.1549999999999993,-0x49b9c14fcb14d7e6,entrenamiento,-0x49b9c14fcb14d7e6,0.1646875
49870,136562,OVEfyDx5uQY_0,0.074,9.684,/m/03l9g,9.61,-0x1a80714288e4c2d1,entrenamiento,-0x1a80714288e4c2d1,9.6535
50466,138081,N0B1BsT_yMI_6000,7.044,7.362,/m/03l9g,0.3180000000000005,-0x711890cca3292ecc,entrenamiento,-0x711890cca3292ecc,0.3135
50345,137737,GqpOzIkiKG8_20000,2.927,3.594,/m/03l9g,0.6669999999999998,-0x24c65ec9d5adfd23,entrenamiento,-0x24c65ec9d5adfd23,0.6735
49876,136570,iUb-94uLmHE_510000,2.443,2.856,/m/03l9g,0.4129999999999998,-0x42c0d93b0bdd8cd6,entrenamiento,-0x42c0d93b0bdd8cd6,2.8335
2397,9460,6ryVk_ZuFWE_13000,0.0,10.0,/m/03m9d0z,10.0,0x7596cfb804553358,entrenamiento,0x7596cfb804553358,10.011
493,1959,7lQGTHLXdhM_140000,0.0,10.0,/m/03m9d0z,10.0,0x1abde0b67de549e8,entrenamiento,0x1abde0b67de549e8,10.0009375
568,2208,9C05kilmLEk_30000,0.0,10.0,/m/03m9d0z,10.0,-0x90619c26a49af55,entrenamiento,-0x90619c26a49af55,10.008
38,200,SK2qygW0m_A_30000,0.0,10.0,/m/03m9d0z,10.0,0x3f88ce153dcf0239,entrenamiento,0x3f88ce153dcf0239,10.008
1103,4190,BzXX_Jfojl4_0,1.338,8.264,/m/03m9d0z,6.925999999999999,0x79aa767efaa54bc5,entrenamiento,0x79aa767efaa54bc5,6.9335
860,3273,k8U0BXsGY1U_140000,0.008,10.0,/m/03m9d0z,9.992,0x53084f460adc0a4f,entrenamiento,0x53084f460adc0a4f,9.9735
1944,7696,LfPt7yKeYYQ_0,0.0,10.0,/m/03m9d0z,10.0,0xfe96fb8de1dd46d,entrenamiento,0xfe96fb8de1dd46d,9.9935
1377,5350,uXfD_ZeZ4-s_450000,0.0,10.0,/m/03m9d0z,10.0,0x18cae15f523d20c6,entrenamiento,0x18cae15f523d20c6,10.0105625
1795,7113,hC_gC3xLNQE_0,0.118,10.0,/m/03m9d0z,9.882,0x743dd6b00021a63f,entrenamiento,0x743dd6b00021a63f,9.9735
2134,8435,hEo3DFSaDRQ_0,0.16,6.748,/m/03m9d0z,6.588,0x293e6616ba548f5e,entrenamiento,0x293e6616ba548f5e,6.5935
44278,121578,3CPtQbjDEfM_30000,7.055,7.874,/m/03qc9zr,0.819,-0x5025207144d06d4b,entrenamiento,-0x5025207144d06d4b,0.8399375
44318,121684,1LqxWWqSQe4_30000,1.591,3.48,/m/03qc9zr,1.889,-0x563d409677fcd14f,entrenamiento,-0x563d409677fcd14f,3.4535
44121,121203,ZZ0nFRaH71o_150000,7.344,8.093,/m/03qc9zr,0.7489999999999997,0x55761f5457d007cb,entrenamiento,0x55761f5457d007cb,0.7606875
44268,121545,3FDKv7dlmHA_3000,7.993,9.678,/m/03qc9zr,1.6850000000000005,-0x663175b73d5fc258,entrenamiento,-0x663175b73d5fc258,1.6865
44283,121589,F-UE7JLiEls_10000,2.946,3.637,/m/03qc9zr,0.6909999999999998,-0x2135cc932412be36,entrenamiento,-0x2135cc932412be36,3.6135
44263,121534,qt4jzFElGu8_10000,0.369,4.071,/m/03qc9zr,3.702,-0x590be0a5e92068e2,entrenamiento,-0x590be0a5e92068e2,4.0535
44253,121512,nzP1h6sU_-Q_60000,0.81,1.516,/m/03qc9zr,0.706,-0x69e60a765641a730,entrenamiento,-0x69e60a765641a730,1.4935
44347,121744,cemqUOy4b6s_170000,8.389,8.909,/m/03qc9zr,0.5200000000000014,-0xb6b8d02e28293bb,entrenamiento,-0xb6b8d02e28293bb,0.52075
44327,121697,F3qBm2bsBmw_30000,2.334,3.531,/m/03qc9zr,1.197,-0x42bec3f8e8bfac39,entrenamiento,-0x42bec3f8e8bfac39,3.5135
44383,121835,GkxCa1dQJlA_7000,7.807,9.464,/m/03qc9zr,1.657,-0x2e985b720fc1e6ec,entrenamiento,-0x2e985b720fc1e6ec,1.6535
44649,122468,1v27iDPH0Mw_30000,0.0,4.635,/m/04_sv,4.635,0x5c6c621473e0f774,entrenamiento,0x5c6c621473e0f774,4.6441875
44621,122363,EU_0l3GhWFc_30000,0.0,10.0,/m/04_sv,10.0,-0x34e2805a8bb9d20c,entrenamiento,-0x34e2805a8bb9d20c,10.008
44620,122360,v0n-MAGcooM_0,0.157,4.898,/m/04_sv,4.741,-0x68ff3cae9740a369,entrenamiento,-0x68ff3cae9740a369,4.8735
44634,122402,hfN3GLC9OWk_30000,0.0,10.0,/m/04_sv,10.0,-0x55232cd9a03bd1f2,entrenamiento,-0x55232cd9a03bd1f2,10.008
44686,122585,dTVrJQixUHU_110000,0.0,10.0,/m/04_sv,10.0,-0x7840ba3040e4a429,entrenamiento,-0x7840ba3040e4a429,10.00075
44734,122774,-gAYyzIl2-w_40000,2.849,10.0,/m/04_sv,7.151,0x14a71adcaf5a7a70,entrenamiento,0x14a71adcaf5a7a70,9.9735
44662,122503,UXCPBKMvUBA_0,0.256,3.458,/m/04_sv,3.202,-0x212397c0d8821bd,entrenamiento,-0x212397c0d8821bd,3.20375
44638,122421,YTf4B_HWkCs_50000,0.0,10.0,/m/04_sv,10.0,-0x5aed49911818d039,entrenamiento,-0x5aed49911818d039,10.000375
44643,122440,K-qyYG8Fy5c_50000,0.0,7.928,/m/04_sv,7.928,-0x1e722a21d98d9f61,entrenamiento,-0x1e722a21d98d9f61,7.9338125
44706,122681,14DWrVFVPlY_60000,0.0,10.0,/m/04_sv,10.0,0x774b2f756b676d93,entrenamiento,0x774b2f756b676d93,10.0081875
42430,116434,AeZPXEVOZV0_0,0.244,8.475,/m/05kq4,8.231,-0x65e71a4431e4544e,entrenamiento,-0x65e71a4431e4544e,8.2313125
42427,116424,Abu55ujoRoU_30000,0.0,10.0,/m/05kq4,10.0,-0x2fd43c4681e0810,entrenamiento,-0x2fd43c4681e0810,10.008
42393,116302,fA7QHptv_OM_3000,0.0,9.082,/m/05kq4,9.082,-0x4fa5e25e6f11d149,entrenamiento,-0x4fa5e25e6f11d149,12.0535
42428,116428,qRXvLoUtE_Q_120000,0.0,10.0,/m/05kq4,10.0,0x634c0b2f504dbe14,entrenamiento,0x634c0b2f504dbe14,10.0085625
42398,116320,e4Dq2dDHBsY_10000,0.015,10.0,/m/05kq4,9.985,-0x30b58ef65d699340,entrenamiento,-0x30b58ef65d699340,9.9735
42421,116403,-LRJL2XiDoM_20000,0.0,10.0,/m/05kq4,10.0,0x289bfbd0c38c3fe5,entrenamiento,0x289bfbd0c38c3fe5,10.0001875
42436,116458,LJl4IIMrxac_70000,0.0,10.0,/m/05kq4,10.0,-0x7f0e40b9d0eeb6a0,entrenamiento,-0x7f0e40b9d0eeb6a0,10.016
42416,116380,wloWBmbn1EY_50000,0.402,10.0,/m/05kq4,9.598,0x66d49450c039cd3,entrenamiento,0x66d49450c039cd3,9.9735
42446,116489,Pneaik1P1OM_250000,4.148,10.0,/m/05kq4,5.852,-0x18af83723f558193,entrenamiento,-0x18af83723f558193,5.8690625
42442,116475,P9rbxSDwx_E_0,0.048,6.803,/m/05kq4,6.755,-0xf490459dd365d67,entrenamiento,-0xf490459dd365d67,6.74025
12033,42026,y9POahdljfM_10000,2.899,4.045,/m/05tny_,1.146,0x95637b68de041a7,entrenamiento,0x95637b68de041a7,1.1490625
11681,41229,2zxbvBWYJgo_6000,9.115,9.397,/m/05tny_,0.282,0x1f5d3c8646c20158,entrenamiento,0x1f5d3c8646c20158,0.2935
12118,42139,zA7XSdjRk0A_10000,7.419,8.427,/m/05tny_,1.008,0x3d453c3b35d446e8,entrenamiento,0x3d453c3b35d446e8,1.017625
13470,45268,dxMaOnLWPlk_50000,1.305,1.76,/m/05tny_,0.455,-0x306461e14169aa13,entrenamiento,-0x306461e14169aa13,1.7335
12775,43672,zagWLobkTm0_0,1.484,1.695,/m/05tny_,0.211,-0x267c84a9b7a7ae98,entrenamiento,-0x267c84a9b7a7ae98,1.6735
12543,43091,Yus1LK8DYkY_30000,2.682,3.547,/m/05tny_,0.8650000000000002,0x736e846bad8e75c5,entrenamiento,0x736e846bad8e75c5,0.870875
12882,43934,YQpVXhMb6Rg_30000,0.937,1.197,/m/05tny_,0.26,-0x54ae807919eabda0,entrenamiento,-0x54ae807919eabda0,1.1735
11833,41519,-f4mhC6iEQg_440000,9.161,9.461,/m/05tny_,0.3000000000000007,-0x1eaafaebac5d7c67,entrenamiento,-0x1eaafaebac5d7c67,0.3076875
12021,41985,LcutA-ccpM8_40000,1.983,2.292,/m/05tny_,0.3089999999999997,0x7da819dcb930e44b,entrenamiento,0x7da819dcb930e44b,2.2735
13309,44900,3dfBzlqD9WA_80000,0.378,1.228,/m/05tny_,0.85,0x7bada0e352e7e72f,entrenamiento,0x7bada0e352e7e72f,1.1935
47409,129748,d8o9U3JM-Dk_0,1.491,2.133,/m/05x_td,0.6419999999999999,0x13874c335f84b57d,entrenamiento,0x13874c335f84b57d,0.6535
47049,128990,frCPwqCd0gQ_10000,4.379,8.321,/m/05x_td,3.942,0x4b61ebed3405cd26,entrenamiento,0x4b61ebed3405cd26,3.9535
47274,129445,5iJuMFtzpTU_3000,7.075,8.415,/m/05x_td,1.339999999999999,0x33608b27415b41b1,entrenamiento,0x33608b27415b41b1,1.3535
47219,129344,gvMR_JvzDRo_0,6.58,6.895,/m/05x_td,0.3149999999999995,0x6f933529a6007f2f,entrenamiento,0x6f933529a6007f2f,0.3335
47159,129198,wNysOrehlzA_0,1.378,1.992,/m/05x_td,0.6140000000000001,0x1c9a4f9f46880099,entrenamiento,0x1c9a4f9f46880099,0.6335
47057,129012,smJbaKGaQJo_40000,0.107,0.766,/m/05x_td,0.659,0x7ae0aa00ec3c75c2,entrenamiento,0x7ae0aa00ec3c75c2,0.7335
47095,129078,3ANkLY7i5mE_12000,2.635,4.169,/m/05x_td,1.5339999999999998,0x1ee1a78f3b3f8898,entrenamiento,0x1ee1a78f3b3f8898,1.5493125
47042,128976,Dn0odC1_wLI_30000,0.843,2.378,/m/05x_td,1.535,-0x2c5230b3b55e25d,entrenamiento,-0x2c5230b3b55e25d,1.548875
47375,129674,k2Bg_Y8AGcM_0,0.824,4.089,/m/05x_td,3.265000000000001,0x46cd1561cdae0755,entrenamiento,0x46cd1561cdae0755,3.2735
47124,129133,U45V5-lD6iA_40000,1.869,2.484,/m/05x_td,0.615,-0x6439322a70c1066c,entrenamiento,-0x6439322a70c1066c,2.4535
50560,138321,x-dp4yDV9Xk_14000,8.402,9.512,/m/068hy,1.1100000000000012,0x7d0d6c95f45aa0cc,entrenamiento,0x7d0d6c95f45aa0cc,1.1135
50564,138326,HovbbXiYNjw_0,0.589,1.611,/m/068hy,1.022,-0x36b6e899a127344f,entrenamiento,-0x36b6e899a127344f,1.5935
50567,138329,pomUWYaREso_20000,0.906,1.984,/m/068hy,1.0779999999999998,0x64108f4c27c01c8f,entrenamiento,0x64108f4c27c01c8f,1.0833125
50568,138330,pomUWYaREso_20000,3.134,4.094,/m/068hy,0.9600000000000004,0x46642ec89d316ae6,entrenamiento,0x46642ec89d316ae6,0.9683125
50557,138314,0RHanEAYBlg_60000,6.33,7.13,/m/068hy,0.7999999999999998,-0x1882241a8cfdbe9f,entrenamiento,-0x1882241a8cfdbe9f,0.822125
50570,138332,pomUWYaREso_20000,9.173,9.74,/m/068hy,0.5670000000000002,-0x6692ad1da5309aa4,entrenamiento,-0x6692ad1da5309aa4,0.57175
50569,138331,pomUWYaREso_20000,7.898,8.339,/m/068hy,0.4410000000000007,0x1d60034a9896521b,entrenamiento,0x1d60034a9896521b,0.4535625
50566,138328,4lBcgIkI1Nk_28000,7.219,8.221,/m/068hy,1.0019999999999998,0x7511b41769e32c83,entrenamiento,0x7511b41769e32c83,1.0135
50563,138324,4S2R5UfWNBc_4000,8.466,8.708,/m/068hy,0.2420000000000008,0x189c1019996edbe8,entrenamiento,0x189c1019996edbe8,0.2585625
50559,138316,oNSWAH9mRxg_30000,2.789,3.042,/m/068hy,0.2529999999999996,0x20d005411b3456e5,entrenamiento,0x20d005411b3456e5,3.0135
41748,114548,gRqAx-9JAHc_11000,0.0,9.859,/m/06mb1,9.859,0xc45ebe5f107dd3d,entrenamiento,0xc45ebe5f107dd3d,10.8335
41745,114541,s8uTcJJXmPM_90000,0.0,10.0,/m/06mb1,10.0,0x48b32f6cf565c15c,entrenamiento,0x48b32f6cf565c15c,10.008375
41764,114607,my65DVXCPu4_30000,0.0,9.408,/m/06mb1,9.408,0x4637e7632fb84adb,entrenamiento,0x4637e7632fb84adb,9.4275
41850,114888,WVJc5jjal8U_30000,0.015,10.0,/m/06mb1,9.985,-0x7883f96c17cc3f00,entrenamiento,-0x7883f96c17cc3f00,9.9735
41799,114716,EldCiBSYAr4_11000,0.0,9.341,/m/06mb1,9.341,0x4635c498ea5cd937,entrenamiento,0x4635c498ea5cd937,9.3639375
41817,114788,csV-t28z0bw_0,0.052,10.0,/m/06mb1,9.948,0x3e7709fbb8ed0a79,entrenamiento,0x3e7709fbb8ed0a79,9.9735
41766,114617,FQ1Qugq5O40_0,0.0,10.0,/m/06mb1,10.0,0x54d0d72f72bf3a4d,entrenamiento,0x54d0d72f72bf3a4d,9.9935
41810,114760,lmroMgfHNHc_400000,1.326,10.0,/m/06mb1,8.674,0xa362e3cb7ea6980,entrenamiento,0xa362e3cb7ea6980,8.6919375
41777,114652,npbwcincPa4_0,0.989,10.0,/m/06mb1,9.011,-0x4965f9078a0c3e4f,entrenamiento,-0x4965f9078a0c3e4f,9.9735
41756,114590,_IxlnQ4yMjI_270000,0.0,10.0,/m/06mb1,10.0,0x50a7ae4148f77ab0,entrenamiento,0x50a7ae4148f77ab0,10.0094375
42472,116621,zgkitGaDHZc_0,0.0,10.0,/m/06q74,10.0,0x5a2f8569fd8b2628,entrenamiento,0x5a2f8569fd8b2628,9.9935
42458,116553,FgclA0MTfvo_1000,0.005,10.0,/m/06q74,9.995,-0x23ed11fe0cb7fd2c,entrenamiento,-0x23ed11fe0cb7fd2c,10.00125
42476,116653,Pneaik1P1OM_250000,0.0,10.0,/m/06q74,10.0,0x54fe648d11439859,entrenamiento,0x54fe648d11439859,10.0170625
42460,116559,tiBwXHomH7o_0,0.135,10.0,/m/06q74,9.865,-0x2a7fe8eea0187d75,entrenamiento,-0x2a7fe8eea0187d75,9.9735
42473,116622,AeZPXEVOZV0_0,0.244,8.475,/m/06q74,8.231,0x2451023228e593b0,entrenamiento,0x2451023228e593b0,8.2313125
42459,116557,UGxlJ1qklEw_30000,0.0,10.0,/m/06q74,10.0,-0x2aacf7d80c20724,entrenamiento,-0x2aacf7d80c20724,10.008
42464,116586,yeycmyxsOCY_0,0.07,10.0,/m/06q74,9.93,0x6c6b24748017f071,entrenamiento,0x6c6b24748017f071,9.9735
42465,116590,RaDf8XmDY-Q_1000,0.0,9.937,/m/06q74,9.937,0x3187bfecc8df8a5,entrenamiento,0x3187bfecc8df8a5,10.9135
42474,116637,BJIUYq0orrY_6000,0.0,9.859,/m/06q74,9.859,0x707f80c7fa73785d,entrenamiento,0x707f80c7fa73785d,9.85925
42469,116609,-LRJL2XiDoM_20000,0.0,10.0,/m/06q74,10.0,-0x371d004178b57ec1,entrenamiento,-0x371d004178b57ec1,10.0001875
49287,134651,pMd1UC9gaRg_20000,4.679,5.606,/m/06wzb,0.9269999999999996,0x4f35f2cee5030107,entrenamiento,0x4f35f2cee5030107,0.932625
49396,134976,ATS4ueJCFyo_30000,2.751,4.571,/m/06wzb,1.82,-0x47d42095fdf73b45,entrenamiento,-0x47d42095fdf73b45,4.5535
49260,134566,9QAps_N7rg8_40000,2.473,5.02,/m/06wzb,2.547,0x29e579897c9f7ead,entrenamiento,0x29e579897c9f7ead,4.9935
49245,134528,3GkJeelJCB0_30000,1.244,2.803,/m/06wzb,1.559,0x22bf4875e8ed6a73,entrenamiento,0x22bf4875e8ed6a73,2.7735
49326,134785,30n4GYsBucU_40000,3.015,9.285,/m/06wzb,6.27,-0x1f142cea82f0d208,entrenamiento,-0x1f142cea82f0d208,9.2535
49229,134466,6R9Z3XdRo1E_30000,2.624,6.214,/m/06wzb,3.5900000000000003,-0x76e53226de14b94f,entrenamiento,-0x76e53226de14b94f,6.1935
49231,134469,4Gxw4uJbDqQ_0,0.087,10.0,/m/06wzb,9.913,0x70d2ed604acf3eaf,entrenamiento,0x70d2ed604acf3eaf,9.9208125
49342,134832,A1OzoTTKVlc_110000,1.88,2.076,/m/06wzb,0.1960000000000001,0x25bdbf460fd0272d,entrenamiento,0x25bdbf460fd0272d,2.0535
49403,135000,NmGwTtfdpFo_220000,1.018,6.85,/m/06wzb,5.832,0x190942531da081ab,entrenamiento,0x190942531da081ab,6.8335
49277,134616,fqEdDDIlonM_30000,2.849,5.676,/m/06wzb,2.827,0x559e3af906bad8d,entrenamiento,0x559e3af906bad8d,5.6535
42740,117437,EDhlPV4LyM0_30000,2.858,2.945,/m/07k1x,0.0869999999999997,-0x41212718beb53e4e,entrenamiento,-0x41212718beb53e4e,2.9135
42745,117488,RfPlg1lv56k_30000,0.0,1.043,/m/07k1x,1.043,-0x4695d877eba4b581,entrenamiento,-0x4695d877eba4b581,1.0450625
42605,117001,CSxRYI_tZBo_30000,9.137,9.224,/m/07k1x,0.0869999999999997,-0x616f605e50b5b46c,entrenamiento,-0x616f605e50b5b46c,0.10475
42643,117135,ZpMKCShosuk_70000,6.423,6.663,/m/07k1x,0.2400000000000002,-0x4e5dc1d8f4469d98,entrenamiento,-0x4e5dc1d8f4469d98,0.2493125
42653,117158,v6qZ8SZHVBw_480000,0.212,0.276,/m/07k1x,0.064,-0x484eeb036ea5a4b2,entrenamiento,-0x484eeb036ea5a4b2,0.2535
42547,116876,kh9aAr8RVW4_250000,2.756,2.88,/m/07k1x,0.1240000000000001,0x47ae0e7470db0fb0,entrenamiento,0x47ae0e7470db0fb0,2.8535
42627,117078,YEcsPzsvJbk_150000,3.011,4.416,/m/07k1x,1.4050000000000002,0x7ed5fd379b6b06f7,entrenamiento,0x7ed5fd379b6b06f7,4.3935
42714,117354,pHuOf3HEV9Q_150000,1.456,3.365,/m/07k1x,1.9090000000000005,0x5e867f8dbf63677f,entrenamiento,0x5e867f8dbf63677f,3.3335
42624,117075,YEcsPzsvJbk_150000,0.85,1.24,/m/07k1x,0.39,0x6755bcf7b76cbd3c,entrenamiento,0x6755bcf7b76cbd3c,1.2135
42560,116914,WAyJuknCw3Y_220000,1.784,1.891,/m/07k1x,0.1069999999999999,0x68f71dc5563da5e1,entrenamiento,0x68f71dc5563da5e1,1.8735
4233,13903,AVnOjDxQUmk_480000,0.038,10.0,/m/07p6fty,9.962,-0x7384668be7042edc,entrenamiento,-0x7384668be7042edc,9.9735
4415,14346,FnGnnRyM1ZA_30000,1.753,2.3,/m/07p6fty,0.5469999999999999,-0x64abbc63cef42a1e,entrenamiento,-0x64abbc63cef42a1e,2.2735
2543,9976,aVdPh-RiNcc_0,1.723,2.897,/m/07p6fty,1.1739999999999997,-0x22a17afb9fa926dd,entrenamiento,-0x22a17afb9fa926dd,2.8735
4197,13821,IF0q4ZYxlhs_0,4.32,4.732,/m/07p6fty,0.4119999999999999,0x27329a2da048fc79,entrenamiento,0x27329a2da048fc79,0.416875
3327,11839,1wit_fgvU2k_28000,4.946,6.079,/m/07p6fty,1.133,0x7cf8cb542582351d,entrenamiento,0x7cf8cb542582351d,1.1335
3458,12135,9ps1CZOYELk_0,1.129,1.768,/m/07p6fty,0.639,0x250a014bcc43f0ce,entrenamiento,0x250a014bcc43f0ce,1.7335
3587,12462,4Lt2ijdJ8fg_30000,2.897,3.447,/m/07p6fty,0.5500000000000003,0x297dee6b55ca8a92,entrenamiento,0x297dee6b55ca8a92,0.5629375
3227,11603,Zdk5mF08zXE_22000,0.26,0.685,/m/07p6fty,0.425,0x65e3eda5398b7487,entrenamiento,0x65e3eda5398b7487,2.6535
3780,12901,F1PIu7bshD8_50000,0.289,1.106,/m/07p6fty,0.8170000000000002,-0x21dbab9aa43e5e00,entrenamiento,-0x21dbab9aa43e5e00,1.0735
3326,11835,77nElZGi5NU_19000,7.821,9.415,/m/07p6fty,1.5939999999999994,-0x7045bf4ab8613357,entrenamiento,-0x7045bf4ab8613357,1.5935
36319,98778,zy8mUJijw3o_340000,0.567,0.819,/m/07pggtn,0.252,-0x7997b419e05bb786,entrenamiento,-0x7997b419e05bb786,0.7935
37470,101571,dKVEhRPGpIE_0,1.152,1.562,/m/07pggtn,0.4100000000000001,0x7bb0086986e06f85,entrenamiento,0x7bb0086986e06f85,0.427
35889,97575,0yneHvRg0dE_70000,2.058,2.355,/m/07pggtn,0.2970000000000001,0x4f6ad4a9338dace1,entrenamiento,0x4f6ad4a9338dace1,2.3335
37606,101938,2swvx975qSY_0,5.693,6.654,/m/07pggtn,0.9610000000000004,0x18bb6d72e148c12c,entrenamiento,0x18bb6d72e148c12c,0.971125
35798,97365,dTVrJQixUHU_110000,4.996,5.508,/m/07pggtn,0.5119999999999996,0x1e04b4d0b245ba3f,entrenamiento,0x1e04b4d0b245ba3f,0.52325
34202,93498,zRfKf4JjhME_30000,7.465,7.764,/m/07pggtn,0.2990000000000004,-0x347f9830332f94ad,entrenamiento,-0x347f9830332f94ad,0.313875
36276,98657,jeGOjGlY9eE_240000,2.221,3.953,/m/07pggtn,1.7319999999999998,0x17024f3ae1ad17a9,entrenamiento,0x17024f3ae1ad17a9,3.9335
36678,99623,NMv6pcYzbH8_20000,2.476,2.566,/m/07pggtn,0.0899999999999998,0x654b78f51d56e2b1,entrenamiento,0x654b78f51d56e2b1,2.5335
35917,97657,iZi9XL1Yk2M_30000,0.573,1.133,/m/07pggtn,0.56,-0x31d0f7eee6dca551,entrenamiento,-0x31d0f7eee6dca551,1.1135
34722,94754,JbtrqB_8gyc_30000,1.785,2.071,/m/07pggtn,0.2860000000000002,-0x396c68a7a71a758,entrenamiento,-0x396c68a7a71a758,2.0535
48745,133247,GybA7FS8mXI_140000,0.0,2.369,/m/07phhsh,2.369,-0x17007eb7e9865589,entrenamiento,-0x17007eb7e9865589,2.38475
48744,133232,Xoif2VrUAg4_190000,5.464,7.528,/m/07phhsh,2.063999999999999,0x49a833ec3b6c072e,entrenamiento,0x49a833ec3b6c072e,2.0681875
48727,133176,VZxbU4YvbgU_40000,0.0,8.705,/m/07phhsh,8.705,-0x51290ed81c72f890,entrenamiento,-0x51290ed81c72f890,8.7155
48731,133193,eSX4_wiox_k_9000,4.084,7.908,/m/07phhsh,3.8240000000000007,0x699e9eda22400c4d,entrenamiento,0x699e9eda22400c4d,3.8135
48735,133203,uNrVtc0e-gs_0,1.187,10.0,/m/07phhsh,8.813,0x7442d9d65f03a1dd,entrenamiento,0x7442d9d65f03a1dd,9.9735
48733,133198,72yHYFBaexE_50000,0.0,10.0,/m/07phhsh,10.0,0x5bfdf946dde976d1,entrenamiento,0x5bfdf946dde976d1,10.000375
48742,133222,i4NFnxrDe_A_560000,2.596,3.88,/m/07phhsh,1.2839999999999998,0xb920722332a75e7,entrenamiento,0xb920722332a75e7,3.8535
48738,133217,4oI3MUQn-M0_70000,0.0,10.0,/m/07phhsh,10.0,-0x9f412983f104108,entrenamiento,-0x9f412983f104108,10.016
48729,133181,KFKP3cTr7BE_12000,0.0,9.561,/m/07phhsh,9.561,-0x3b3a42a14080d407,entrenamiento,-0x3b3a42a14080d407,11.5165
48743,133230,LEP7GIppvx4_110000,2.361,10.0,/m/07phhsh,7.638999999999999,-0x1d86e061f20045cd,entrenamiento,-0x1d86e061f20045cd,9.9735
42081,115459,6AaFVGjc5os_0,0.068,3.807,/m/07pp_mv,3.739,0x6fc9cac51e94dde0,entrenamiento,0x6fc9cac51e94dde0,3.7735
42201,115750,WJSsSS_IARc_0,0.243,4.187,/m/07pp_mv,3.944,-0x2e1b508910255be,entrenamiento,-0x2e1b508910255be,4.1535
41925,115054,XuTt61TkdzQ_220000,2.2,2.561,/m/07pp_mv,0.3609999999999997,-0x3e6b9c3b6568ea83,entrenamiento,-0x3e6b9c3b6568ea83,2.5335
42360,116202,_svi6yvJ3P4_6000,7.177,8.033,/m/07pp_mv,0.8559999999999999,-0x7c8db8f562b4deb9,entrenamiento,-0x7c8db8f562b4deb9,0.8735
42121,115549,obg2F5d0XWE_0,1.29,2.811,/m/07pp_mv,1.521,-0x7e7e9c3d3f50f037,entrenamiento,-0x7e7e9c3d3f50f037,1.5335
42038,115346,pF4KFg0kOH8_30000,2.193,10.0,/m/07pp_mv,7.807,-0x7f146cb73803cf98,entrenamiento,-0x7f146cb73803cf98,9.9735
42095,115480,n2KpoicR_QY_260000,1.027,1.248,/m/07pp_mv,0.221,0x1b4c4fd012f0cf9c,entrenamiento,0x1b4c4fd012f0cf9c,1.2135
42125,115553,s7gfhB0vyVY_10000,1.197,1.984,/m/07pp_mv,0.7869999999999999,-0x49a6a9ac549587ec,entrenamiento,-0x49a6a9ac549587ec,0.80775
42056,115397,v58bwvhIv-w_20000,0.0,6.402,/m/07pp_mv,6.402,0x4e586cba35635594,entrenamiento,0x4e586cba35635594,6.4243125
42105,115502,M20pf99cCeI_50000,0.278,0.663,/m/07pp_mv,0.385,0x55606255bbcc9358,entrenamiento,0x55606255bbcc9358,0.6335
44897,123164,gmebDQEgx1Q_20000,3.653,4.056,/m/07q6cd_,0.403,-0x7dc721cd69b6e9eb,entrenamiento,-0x7dc721cd69b6e9eb,0.426125
45004,123333,IKiFDTAthRo_30000,1.715,2.107,/m/07q6cd_,0.3920000000000001,0x376deaea3df2d315,entrenamiento,0x376deaea3df2d315,0.3981875
45055,123477,idc0HixL1cI_18000,3.148,3.684,/m/07q6cd_,0.536,-0x49f8275d8e5c4c70,entrenamiento,-0x49f8275d8e5c4c70,0.5335
45088,123558,g8gyhVQYdsM_30000,2.409,2.943,/m/07q6cd_,0.5340000000000003,0x2d8274aa032a2dc9,entrenamiento,0x2d8274aa032a2dc9,0.540125
44836,123038,8nkDo-WcrtY_0,1.275,1.459,/m/07q6cd_,0.1840000000000001,0x33f828f5fec1cd34,entrenamiento,0x33f828f5fec1cd34,0.1935
45108,123591,AYeFrtDW1YI_80000,7.146,8.486,/m/07q6cd_,1.3400000000000007,-0x77861f93c14da2d1,entrenamiento,-0x77861f93c14da2d1,1.34525
45049,123452,qTn3A5R3PtQ_80000,2.586,3.265,/m/07q6cd_,0.6790000000000003,-0x24faee150de9ee42,entrenamiento,-0x24faee150de9ee42,3.2335
45060,123486,SIcrTag5nUI_0,2.192,2.261,/m/07q6cd_,0.0689999999999999,-0x8f1964ae93955a3,entrenamiento,-0x8f1964ae93955a3,2.2335
45070,123532,veHTbwQKTWM_0,1.335,1.427,/m/07q6cd_,0.092,-0x5bbe0cae5ca03a30,entrenamiento,-0x5bbe0cae5ca03a30,0.0935
44953,123248,n4uFue0e1ho_80000,8.724,9.693,/m/07q6cd_,0.9689999999999994,0x31d8da8be8207832,entrenamiento,0x31d8da8be8207832,0.9746875
38687,104946,CJ0GlFahVck_30000,0.045,4.746,/m/07qfr4h,4.7010000000000005,0x7217c08b982e34e6,entrenamiento,0x7217c08b982e34e6,4.7135
38196,103497,Zk1DdGoMvHU_30000,0.0,6.283,/m/07qfr4h,6.283,0x6164968d69ec245,entrenamiento,0x6164968d69ec245,6.2921875
37946,102779,mpSwGJyidTM_320000,0.391,10.0,/m/07qfr4h,9.609,0x490f015987d94b74,entrenamiento,0x490f015987d94b74,9.9735
37915,102696,31x3_RIUsZQ_2000,0.0,8.872,/m/07qfr4h,8.872,-0x63d7814a008cb28b,entrenamiento,-0x63d7814a008cb28b,10.8535
38829,105379,WdzxR0V48c0_250000,0.958,10.0,/m/07qfr4h,9.042,-0x7f9357c5e00131f5,entrenamiento,-0x7f9357c5e00131f5,9.9735
38440,104239,UOW04NTAd6U_100000,0.008,10.0,/m/07qfr4h,9.992,-0x6cf9d354b8b93278,entrenamiento,-0x6cf9d354b8b93278,10.008125
38111,103248,iEG6qAZfhGA_30000,1.529,3.632,/m/07qfr4h,2.103,0x1a381daef21b4f06,entrenamiento,0x1a381daef21b4f06,3.6135
38606,104725,ln6vXdpHDfs_110000,0.0,10.0,/m/07qfr4h,10.0,-0x259210ab5507c095,entrenamiento,-0x259210ab5507c095,10.00075
37991,102931,veplbXrUIQ8_10000,0.0,10.0,/m/07qfr4h,10.0,0x69dd174cfcedc205,entrenamiento,0x69dd174cfcedc205,10.015625
38512,104485,Fv7rDwt7EMs_140000,0.0,10.0,/m/07qfr4h,10.0,0x4826108e293cf9f0,entrenamiento,0x4826108e293cf9f0,10.0009375
43376,119325,M5-047wAo4U_70000,2.378,2.677,/m/07qnq_y,0.2989999999999999,-0x3ea806942341b719,entrenamiento,-0x3ea806942341b719,2.6535
43409,119396,SfrCJE9lpqU_290000,1.534,1.853,/m/07qnq_y,0.3189999999999999,-0x747e3a8cbbd3fde4,entrenamiento,-0x747e3a8cbbd3fde4,1.8335
43287,119121,DYGpyR1NtGM_17000,7.979,8.162,/m/07qnq_y,0.1830000000000007,-0x3d3ef6b960bc0dad,entrenamiento,-0x3d3ef6b960bc0dad,0.1935
43586,119789,3lU6sEI9nAc_30000,5.555,6.177,/m/07qnq_y,0.6219999999999999,-0x27b2db12039c04c3,entrenamiento,-0x27b2db12039c04c3,0.6335
43235,118998,aOBx-YRcmxk_150000,2.223,2.41,/m/07qnq_y,0.1870000000000002,-0x6e1ce178b622f2fd,entrenamiento,-0x6e1ce178b622f2fd,2.3935
43580,119776,FaE8uT7sdxw_0,3.962,4.396,/m/07qnq_y,0.4339999999999997,0x4d9de573ce353650,entrenamiento,0x4d9de573ce353650,0.4498125
43130,118734,Os3iBrqQrE0_30000,2.643,3.248,/m/07qnq_y,0.6050000000000004,-0x495928422d8defa4,entrenamiento,-0x495928422d8defa4,3.2135
43833,120318,GD4fETZRtSc_30000,0.999,1.844,/m/07qnq_y,0.8450000000000001,0x33f1665cee7dcd70,entrenamiento,0x33f1665cee7dcd70,1.8135
42946,118303,xYH9fc5j0HY_0,0.347,0.85,/m/07qnq_y,0.503,0x3881a33c1137e284,entrenamiento,0x3881a33c1137e284,0.8335
42927,118261,_qp7s4y4_io_10000,6.913,7.031,/m/07qnq_y,0.1179999999999994,-0x7db48d4dc4e1b3f,entrenamiento,-0x7db48d4dc4e1b3f,0.1304375
42888,118105,CgV4Ecw4usM_0,0.0,10.0,/m/07r04,10.0,0x4f153522f5af7611,entrenamiento,0x4f153522f5af7611,9.9935
42803,117722,5_uTvbEuzqw_0,0.014,4.345,/m/07r04,4.331,-0x1f6913bbf2ed0691,entrenamiento,-0x1f6913bbf2ed0691,4.3305625
42843,117913,9BU2KT7Y7xE_0,0.096,7.479,/m/07r04,7.383,-0x6c3f119dcf80aa6f,entrenamiento,-0x6c3f119dcf80aa6f,7.4535
42817,117775,8ui_tm_RKeY_60000,0.0,10.0,/m/07r04,10.0,-0x7f6dbad706317a67,entrenamiento,-0x7f6dbad706317a67,10.016
42810,117754,3pOqTU0urXc_30000,0.0,8.546,/m/07r04,8.546,-0x2bdb263966377213,entrenamiento,-0x2bdb263966377213,8.568375
42790,117658,2S-pV04Oybw_30000,0.0,10.0,/m/07r04,10.0,0x2933c8178de920f0,entrenamiento,0x2933c8178de920f0,10.008
42896,118133,9EjLO4ojsOo_4000,0.0,9.27,/m/07r04,9.27,0x72189eeccf7fc697,entrenamiento,0x72189eeccf7fc697,9.2818125
42915,118223,Ap122kei0BI_5000,0.0,9.428,/m/07r04,9.428,0x171a0c73dfe94359,entrenamiento,0x171a0c73dfe94359,9.4428125
42871,118036,hB-9FiXrLB8_0,0.045,10.0,/m/07r04,9.955,-0x7613cc32c17a7239,entrenamiento,-0x7613cc32c17a7239,9.9735
42799,117706,25wnxi9YiKk_30000,0.0,10.0,/m/07r04,10.0,0x758e009ad1e4d45c,entrenamiento,0x758e009ad1e4d45c,10.008
48851,133520,29jdsQnijE0_10000,0.724,0.984,/m/07rrh0c,0.26,0x3b1bdba293b1a303,entrenamiento,0x3b1bdba293b1a303,0.28225
48843,133498,Rh_83PFhVx8_30000,1.46,1.677,/m/07rrh0c,0.217,0x6e8c21569e9132d2,entrenamiento,0x6e8c21569e9132d2,1.6535
48815,133430,fwS-Sm3qu94_30000,2.254,2.599,/m/07rrh0c,0.3450000000000002,-0x39822e9d2ad2cdcc,entrenamiento,-0x39822e9d2ad2cdcc,2.5735
48821,133441,145b43uuma0_10000,1.895,2.907,/m/07rrh0c,1.012,0x63b487ddcc6062b2,entrenamiento,0x63b487ddcc6062b2,2.8735
48783,133359,IZffL8aQW9w_30000,0.22,0.425,/m/07rrh0c,0.205,0x72bf47865be6eda0,entrenamiento,0x72bf47865be6eda0,0.3935
48797,133387,ZqDZsbL-TlM_30000,2.087,2.343,/m/07rrh0c,0.2559999999999998,-0x381f957f1946ea7e,entrenamiento,-0x381f957f1946ea7e,2.3135
48846,133512,VOJdU2fl7pc_20000,7.182,7.389,/m/07rrh0c,0.2069999999999998,0x78c1270f63b300d3,entrenamiento,0x78c1270f63b300d3,0.2175625
48759,133297,0uJFVlaLwJ4_320000,3.688,3.918,/m/07rrh0c,0.2299999999999999,0x42d4268ed3ed8bf1,entrenamiento,0x42d4268ed3ed8bf1,0.230375
48780,133354,gVynDIr35Ok_220000,0.653,0.832,/m/07rrh0c,0.1789999999999999,-0xba486960de87dc2,entrenamiento,-0xba486960de87dc2,0.8135
48805,133412,Hl_O3YE8GjM_270000,0.257,0.55,/m/07rrh0c,0.293,0x7af5c0fbdffeca0e,entrenamiento,0x7af5c0fbdffeca0e,0.5335
45964,125679,bvyP5XuPn3g_20000,0.168,0.818,/m/07rv4dm,0.6499999999999999,-0x2e8069039969b025,entrenamiento,-0x2e8069039969b025,0.7935
46039,125880,aTrxkPaTW8M_20000,2.122,2.431,/m/07rv4dm,0.3090000000000001,-0x9b03a5af334a962,entrenamiento,-0x9b03a5af334a962,2.4135
45937,125620,Yaf5u0xQ-j8_390000,2.11,2.443,/m/07rv4dm,0.3330000000000002,-0x45485f8e58b811ac,entrenamiento,-0x45485f8e58b811ac,2.4135
45915,125582,cs3qCF5OkOY_0,1.943,3.426,/m/07rv4dm,1.483,-0x1fc061de9b988520,entrenamiento,-0x1fc061de9b988520,1.4735
45946,125635,2BMCENw8D2Y_60000,1.882,2.857,/m/07rv4dm,0.9750000000000004,0x140913237b7feb69,entrenamiento,0x140913237b7feb69,2.8335
45902,125557,AfymIcLvzG0_17000,4.69,4.984,/m/07rv4dm,0.2939999999999996,0x1605411ff58edbe9,entrenamiento,0x1605411ff58edbe9,0.2993125
45914,125579,tmAQztUbW4A_100000,1.303,1.694,/m/07rv4dm,0.391,-0x19e6e32105027322,entrenamiento,-0x19e6e32105027322,1.6735
45906,125569,KQMsE7M5V90_20000,5.955,7.808,/m/07rv4dm,1.853,0x474ada818d9d7926,entrenamiento,0x474ada818d9d7926,1.8535
45990,125757,08U71rh7cDw_5000,5.123,5.773,/m/07rv4dm,0.6499999999999995,0x6c9b4941d9d9cce0,entrenamiento,0x6c9b4941d9d9cce0,0.6535
45982,125726,Yr2zdIitWtg_590000,1.9,2.083,/m/07rv4dm,0.1830000000000002,0xd748f19bb53190d,entrenamiento,0xd748f19bb53190d,2.0535
41406,113494,dlVnlrxJfWY_10000,0.0,10.0,/m/0838f,10.0,0x1fcb561e41cee1,entrenamiento,0x1fcb561e41cee1,10.015625
41687,114365,OOJMa3knOOQ_0,0.0,10.0,/m/0838f,10.0,0x55b7938f8bfb9c36,entrenamiento,0x55b7938f8bfb9c36,9.9935
41004,112267,mzpu3b1bGDA_10000,4.513,5.232,/m/0838f,0.7190000000000003,-0x614a7ac156b7bfb9,entrenamiento,-0x614a7ac156b7bfb9,0.7193125
40937,112077,-rpSxhcRxnQ_19000,0.0,9.242,/m/0838f,9.242,0x2c03a7fe1818e9cd,entrenamiento,0x2c03a7fe1818e9cd,9.2586875
41160,112707,9zZeOt3YeoA_20000,0.008,10.0,/m/0838f,9.992,-0x88083e113f12ba4,entrenamiento,-0x88083e113f12ba4,9.9921875
40908,111996,LzsObE_dBS4_60000,0.0,10.0,/m/0838f,10.0,0x542115ff48cc64b,entrenamiento,0x542115ff48cc64b,10.016
40960,112154,vNCD0w6uAZ8_30000,0.0,10.0,/m/0838f,10.0,-0x4814d705275d2504,entrenamiento,-0x4814d705275d2504,10.008
41540,113910,YW-5gK57aHE_20000,1.392,10.0,/m/0838f,8.608,0x33a967781b765403,entrenamiento,0x33a967781b765403,9.9735
41209,112853,edOFOBr6FVE_110000,2.4,5.337,/m/0838f,2.937,-0x36845bfd20a4e33e,entrenamiento,-0x36845bfd20a4e33e,5.3135
41003,112266,viFb37-DCzY_10000,0.0,10.0,/m/0838f,10.0,0x20f05217c3c9ef32,entrenamiento,0x20f05217c3c9ef32,10.015625
48481,132575,VWK_nBckEg0_60000,0.095,2.337,/m/0912c9,2.242,0x26f143cc42613f56,entrenamiento,0x26f143cc42613f56,2.3135
48277,132110,ZiGqVow6mbE_0,2.702,3.834,/m/0912c9,1.132,-0x5c80a93c0827d947,entrenamiento,-0x5c80a93c0827d947,1.1196875
48414,132425,qwmcAKJ_Cew_5000,8.249,8.539,/m/0912c9,0.2899999999999991,0x76f2b36bc05e629,entrenamiento,0x76f2b36bc05e629,0.2935
48297,132163,GAesTOIL2lQ_40000,1.688,1.944,/m/0912c9,0.256,0x112744f033aecb3c,entrenamiento,0x112744f033aecb3c,1.9135
48112,131774,REM-ErhpLBA_0,1.263,1.413,/m/0912c9,0.1500000000000001,-0xeff5083ac7fe3e6,entrenamiento,-0xeff5083ac7fe3e6,0.1535
48436,132488,yzK09X78Hg4_30000,0.915,1.273,/m/0912c9,0.3579999999999999,-0x709b83230bfa5557,entrenamiento,-0x709b83230bfa5557,0.36225
48175,131897,vmSii3ZY-E4_30000,1.241,1.441,/m/0912c9,0.1999999999999999,0x4b8947573902ce63,entrenamiento,0x4b8947573902ce63,1.4135
48289,132145,96x7o88wJE4_30000,0.257,0.428,/m/0912c9,0.1709999999999999,0x6e0c1d6aafe9f3cb,entrenamiento,0x6e0c1d6aafe9f3cb,0.3935
48270,132097,cfLA0hYf-nk_140000,1.736,2.114,/m/0912c9,0.3779999999999999,-0x2032eb126b453b95,entrenamiento,-0x2032eb126b453b95,2.0935
48346,132280,hsZVeybfUD0_30000,2.962,3.117,/m/0912c9,0.1549999999999998,-0x92015dd9293d23,entrenamiento,-0x92015dd9293d23,3.0935
49446,135190,rkEXoDLhz0g_130000,0.03,10.0,/m/09ct_,9.97,-0x15d0f06126b871c6,entrenamiento,-0x15d0f06126b871c6,9.9735
49469,135272,iCam3z-Ml5E_20000,0.0,10.0,/m/09ct_,10.0,-0x3b50d906c1a4e427,entrenamiento,-0x3b50d906c1a4e427,10.0001875
49432,135101,RlgiLKEQ1LM_110000,0.0,7.048,/m/09ct_,7.048,-0x4181f109c5216af0,entrenamiento,-0x4181f109c5216af0,7.0518125
49415,135053,I1Y9zmpd28M_0,0.055,10.0,/m/09ct_,9.945,-0x38d9060adcf45fbf,entrenamiento,-0x38d9060adcf45fbf,9.9528125
49413,135048,Nr3-9zAyUZk_80000,0.0,10.0,/m/09ct_,10.0,-0x66893bdf27dbae15,entrenamiento,-0x66893bdf27dbae15,10.0005625
49456,135226,JayjEp0uXn8_20000,0.0,10.0,/m/09ct_,10.0,-0x2888a0d12f6f0c50,entrenamiento,-0x2888a0d12f6f0c50,10.0001875
49429,135094,zg3eefnBRrc_260000,0.0,10.0,/m/09ct_,10.0,-0x2be538f24de60c30,entrenamiento,-0x2be538f24de60c30,10.001625
49466,135266,ECV8j0bhOlc_130000,0.0,10.0,/m/09ct_,10.0,0x577024058f7ffb63,entrenamiento,0x577024058f7ffb63,10.0163125
49450,135209,zRameTqlg54_470000,0.0,10.0,/m/09ct_,10.0,-0x637686b5990f119c,entrenamiento,-0x637686b5990f119c,10.0029375
49473,135292,qX44XVy6FGw_10000,0.0,10.0,/m/09ct_,10.0,0x353b4273d995b1c5,entrenamiento,0x353b4273d995b1c5,10.015625
17411,53206,eQ0Az8oQqhU_30000,0.355,2.402,/m/09x0r,2.047,-0x7514e498cd15aec2,entrenamiento,-0x7514e498cd15aec2,2.3735
17340,53029,AJtNitYMa1I_2000,1.601,1.905,/m/09x0r,0.304,0x4e6d58c4ffd76c4c,entrenamiento,0x4e6d58c4ffd76c4c,0.3231875
17981,54485,1F4tKaUP3R0_30000,8.101,10.0,/m/09x0r,1.8989999999999991,0x767dfcda88802970,entrenamiento,0x767dfcda88802970,1.907
17460,53356,zRp6aF77B2w_0,7.373,8.34,/m/09x0r,0.9669999999999996,-0x67ff8c88b8d58a55,entrenamiento,-0x67ff8c88b8d58a55,0.9861875
17540,53534,6vSrdliYZ08_7000,9.333,10.0,/m/09x0r,0.6669999999999998,-0x7047623edff082e0,entrenamiento,-0x7047623edff082e0,0.6735
17734,53951,OvVhxSho45E_30000,2.039,2.821,/m/09x0r,0.782,-0x7c7bb6e041d805a5,entrenamiento,-0x7c7bb6e041d805a5,2.7935
18149,54883,XWe4ZOftxcU_130000,1.078,1.354,/m/09x0r,0.276,0x33d40a4f2e716d2d,entrenamiento,0x33d40a4f2e716d2d,1.3335
17902,54299,Aqr6a3faF2A_30000,8.196,10.0,/m/09x0r,1.8040000000000005,-0x6e1ea67de180d27c,entrenamiento,-0x6e1ea67de180d27c,1.812
17326,53004,49bqsmYRACk_30000,1.129,1.909,/m/09x0r,0.78,0x271920d2c6d7c0b5,entrenamiento,0x271920d2c6d7c0b5,0.7984375
18270,55175,uTG7nAS9fzY_0,0.412,1.687,/m/09x0r,1.275,0x259f57763eb63652,entrenamiento,0x259f57763eb63652,1.6535
2446,9680,PjRYAwDxo6I_80000,1.006,10.0,/m/0_ksk,8.994,-0x1bc8829258a6474c,entrenamiento,-0x1bc8829258a6474c,9.9735
2494,9818,3-5TNLTaWOo_30000,0.532,2.84,/m/0_ksk,2.308,0x7c6eaba5f3611a33,entrenamiento,0x7c6eaba5f3611a33,2.8135
2495,9820,GNiqAN3JWe4_20000,1.797,10.0,/m/0_ksk,8.203,0x796382b61a73d834,entrenamiento,0x796382b61a73d834,9.9735
2450,9698,-xl-Dd7rDsA_100000,7.823,10.0,/m/0_ksk,2.177,0x6dbc2386a0f77bc3,entrenamiento,0x6dbc2386a0f77bc3,2.1931875
2489,9801,_uACDwjKazY_30000,1.426,1.555,/m/0_ksk,0.129,0x773ed08330e22eb,entrenamiento,0x773ed08330e22eb,1.5335
2487,9795,T4qVQt_xkRo_100000,2.548,3.086,/m/0_ksk,0.5379999999999998,-0x3e6e3b61a5738198,entrenamiento,-0x3e6e3b61a5738198,3.0535
2431,9629,9f6ZSJDAWZI_190000,1.858,3.673,/m/0_ksk,1.815,0x52bd177925170a8f,entrenamiento,0x52bd177925170a8f,3.6535
2496,9824,_aGc7e2Z9Is_90000,0.0,0.196,/m/0_ksk,0.196,0x7eed0648c1ccf847,entrenamiento,0x7eed0648c1ccf847,0.2095625
2474,9758,T-qgpcWjKto_14000,2.884,3.274,/m/0_ksk,0.3900000000000001,-0x3da802ed092de061,entrenamiento,-0x3da802ed092de061,0.3916875
2514,9874,amaOhGyvA7k_30000,0.0,10.0,/m/0_ksk,10.0,0x34562ee19b89b444,entrenamiento,0x34562ee19b89b444,10.008
19083,57049,Dm6rx1Oq-Lc_30000,0.58,1.362,/m/0bt9lr,0.7820000000000001,-0x150a8c4725cb0847,entrenamiento,-0x150a8c4725cb0847,0.7901875
18866,56605,rzvStIcwPaA_0,0.0,10.0,/m/0bt9lr,10.0,0x44a606d3d059aad3,entrenamiento,0x44a606d3d059aad3,10.0078125
19856,58781,-MGLODOozpU_30000,8.917,10.0,/m/0bt9lr,1.0830000000000002,-0x3e831199a39ffca2,entrenamiento,-0x3e831199a39ffca2,1.091
19899,58882,ZvNpo1wIk5w_24000,7.544,9.496,/m/0bt9lr,1.9520000000000008,-0x2b74ebc8adae7de,entrenamiento,-0x2b74ebc8adae7de,1.9535
19829,58708,6bKNHxKJm1o_90000,1.69,1.982,/m/0bt9lr,0.292,0x6d149a9fcd68f801,entrenamiento,0x6d149a9fcd68f801,1.9535
19783,58590,9XsKaKwCUiw_30000,1.096,1.33,/m/0bt9lr,0.2339999999999999,0x30a54452fdbc3336,entrenamiento,0x30a54452fdbc3336,1.3135
20240,59640,-ehQwV9uU8s_30000,1.598,3.0,/m/0bt9lr,1.402,-0x2b194bc31fbd4426,entrenamiento,-0x2b194bc31fbd4426,2.9735
19234,57391,4cs-QhLuWkA_30000,1.441,4.11,/m/0bt9lr,2.6690000000000005,-0x2aae53a6deab0988,entrenamiento,-0x2aae53a6deab0988,4.0935
19780,58583,gnXJVpkq5j4_50000,2.491,2.597,/m/0bt9lr,0.1059999999999998,-0x2c6ca8eb68ba6292,entrenamiento,-0x2c6ca8eb68ba6292,2.5735
19781,58588,9XsKaKwCUiw_30000,0.23,0.505,/m/0bt9lr,0.275,0x352bfefea52f8473,entrenamiento,0x352bfefea52f8473,0.4735
43976,120682,vUIIkCzfgqA_0,0.0,10.0,/m/0btp2,10.0,0x1bfd1a9f7e74c213,entrenamiento,0x1bfd1a9f7e74c213,9.9935
44046,120969,BOId12fDHNQ_30000,5.85,10.0,/m/0btp2,4.15,0x71d28e34993ee18c,entrenamiento,0x71d28e34993ee18c,4.158
43948,120598,gsQJ9LtI1aQ_13000,0.0,9.547,/m/0btp2,9.547,-0x6f37a12a76acbf6,entrenamiento,-0x6f37a12a76acbf6,12.503375
44050,120993,Tz5LuXmoBsQ_0,2.866,10.0,/m/0btp2,7.134,-0x15c6f7e8b994c257,entrenamiento,-0x15c6f7e8b994c257,9.9735
44021,120877,WKBjaAkN0z8_0,0.0,8.403,/m/0btp2,8.403,0x12ad6e310e31e82c,entrenamiento,0x12ad6e310e31e82c,8.3935
44031,120906,tnHuCQbsors_0,0.082,10.0,/m/0btp2,9.918,-0x77cfd2ba7488be70,entrenamiento,-0x77cfd2ba7488be70,9.9735
43999,120771,4Ini5P9OmYo_0,0.0,6.0,/m/0btp2,6.0,-0x363a4a494965dfd4,entrenamiento,-0x363a4a494965dfd4,5.9935
43940,120572,c-r_TnMx0tk_30000,0.0,10.0,/m/0btp2,10.0,0x47de6ced49a919bd,entrenamiento,0x47de6ced49a919bd,10.008
44075,121078,KlRGLudTo4E_0,0.027,9.0,/m/0btp2,8.973,-0x1215d3b198523fa9,entrenamiento,-0x1215d3b198523fa9,8.9735
44027,120892,eotwsQhurK4_110000,0.64,10.0,/m/0btp2,9.36,0x1153f859df3a4737,entrenamiento,0x1153f859df3a4737,9.9735
49623,135876,_BmU3uMvy6M_50000,0.42,2.426,/m/0chx_,2.006,0x24272b4cf1979eec,entrenamiento,0x24272b4cf1979eec,2.3935
49624,135878,yBHeH5VdIdg_0,0.0,10.0,/m/0chx_,10.0,-0x20b7fe60354435f4,entrenamiento,-0x20b7fe60354435f4,9.9935
49611,135851,Cnp5XBJFIw0_90000,2.079,2.748,/m/0chx_,0.669,-0x20d5602a69c3eb71,entrenamiento,-0x20d5602a69c3eb71,2.7135
49619,135864,BZkvMCUT1hY_40000,0.538,2.599,/m/0chx_,2.061,-0x19b8336483de2106,entrenamiento,-0x19b8336483de2106,2.5735
49622,135873,5eOyaGZQwLA_30000,0.717,2.394,/m/0chx_,1.677,-0x64fee7ba2ba27e12,entrenamiento,-0x64fee7ba2ba27e12,2.3735
49625,135879,5SSZ_0nmfQQ_10000,7.884,8.625,/m/0chx_,0.7409999999999997,-0x7a13fc5ae9a88cd,entrenamiento,-0x7a13fc5ae9a88cd,0.7335
49613,135856,Lv4irsPkSjI_100000,2.732,5.95,/m/0chx_,3.218,0x530ba415964c4814,entrenamiento,0x530ba415964c4814,5.9335
49621,135872,iIpAtunwL6I_370000,0.896,1.318,/m/0chx_,0.422,-0x478d093c36324f02,entrenamiento,-0x478d093c36324f02,0.4375
49616,135860,BP7V4MBMekQ_0,0.414,0.654,/m/0chx_,0.24,0x4121a694cbdb19d8,entrenamiento,0x4121a694cbdb19d8,0.259375
49607,135842,G2FStAlrF1U_0,0.16,0.437,/m/0chx_,0.277,-0x48ac91c574d9255d,entrenamiento,-0x48ac91c574d9255d,0.2811875
47910,131323,nA-pNxIq4rQ_30000,2.853,3.016,/m/0gvgw0,0.1629999999999998,-0x73be139803923a99,entrenamiento,-0x73be139803923a99,2.9935
47797,131015,AiJP2R5qmEg_0,2.885,4.529,/m/0gvgw0,1.644,-0x18bf25ddabddb959,entrenamiento,-0x18bf25ddabddb959,1.6535
47912,131327,-xYsfYZOI-Y_30000,1.79,2.569,/m/0gvgw0,0.7789999999999999,-0x36989702611eed0e,entrenamiento,-0x36989702611eed0e,2.5535
47842,131145,ZZl4IPEPWX8_110000,3.734,4.1,/m/0gvgw0,0.3659999999999996,-0x3bb4361b25071823,entrenamiento,-0x3bb4361b25071823,0.368875
47798,131018,Mbcc5Uiinz0_370000,0.583,0.929,/m/0gvgw0,0.3460000000000001,0x34ad99bca5825a1d,entrenamiento,0x34ad99bca5825a1d,0.9135
47823,131087,6qVyIOGB178_23000,8.529,8.759,/m/0gvgw0,0.2300000000000004,-0x19d1967ec7b217fe,entrenamiento,-0x19d1967ec7b217fe,0.2335
47801,131029,Z53f5mRdVxI_14000,4.903,5.974,/m/0gvgw0,1.0710000000000006,-0x63bd508642b86636,entrenamiento,-0x63bd508642b86636,1.089375
47846,131153,VWYRUqhInYM_60000,1.848,2.48,/m/0gvgw0,0.6319999999999999,-0x7573d1a77b11b699,entrenamiento,-0x7573d1a77b11b699,2.4535
47873,131221,6XHoJkMHZno_30000,1.012,1.18,/m/0gvgw0,0.1679999999999999,-0x32dfd4a69492b411,entrenamiento,-0x32dfd4a69492b411,0.1724375
47792,130995,0F1p3weqFyM_25000,6.148,6.887,/m/0gvgw0,0.7389999999999999,0x1079f0c169eacddc,entrenamiento,0x1079f0c169eacddc,0.7335
49178,134304,x8QPdoLdx5I_18000,0.0,9.678,/m/0hsrw,9.678,0x58b93dfe6078f077,entrenamiento,0x58b93dfe6078f077,9.6781875
49196,134367,MZhz-ggG8KA_250000,0.0,10.0,/m/0hsrw,10.0,-0x2cafa7049aeb7a15,entrenamiento,-0x2cafa7049aeb7a15,10.0170625
49208,134403,vn2srgu-CeI_0,0.0,9.145,/m/0hsrw,9.145,-0x6a2e58747e8c39c6,entrenamiento,-0x6a2e58747e8c39c6,9.1486875
49189,134343,Pn-OY4pH7Ic_0,0.065,10.0,/m/0hsrw,9.935,-0x207d047d0575e20d,entrenamiento,-0x207d047d0575e20d,9.9735
49190,134345,CSOfixnDpmk_30000,0.0,10.0,/m/0hsrw,10.0,0x1addcd21abc071db,entrenamiento,0x1addcd21abc071db,10.008
49198,134374,y_evRQIMGIs_13000,0.0,9.953,/m/0hsrw,9.953,-0x782907c505cc51f5,entrenamiento,-0x782907c505cc51f5,12.9335
49197,134371,9EF4s0zCxVI_13000,0.0,9.036,/m/0hsrw,9.036,0x388ab7ef6b151fee,entrenamiento,0x388ab7ef6b151fee,11.9809375
49202,134384,kyuM4VcZzMU_0,0.079,10.0,/m/0hsrw,9.921,-0x659e34945397d251,entrenamiento,-0x659e34945397d251,9.9735
49205,134398,5WtT56A3q4w_0,0.0,10.0,/m/0hsrw,10.0,0x29b6e98a48d473dd,entrenamiento,0x29b6e98a48d473dd,9.9935
49181,134324,TChLaxJNa4c_30000,0.0,10.0,/m/0hsrw,10.0,-0x201459ffef816dc7,entrenamiento,-0x201459ffef816dc7,10.008
46926,128466,RbaS2r6YnnM_30000,4.118,10.0,/m/0j6m2,5.882,0x1ab9442d96b9a52d,entrenamiento,0x1ab9442d96b9a52d,5.89
46955,128584,B7nlpuWGNq4_60000,0.0,10.0,/m/0j6m2,10.0,0x76d435104fa09b60,entrenamiento,0x76d435104fa09b60,10.0081875
46956,128585,lNUqns7hUaQ_0,0.022,9.172,/m/0j6m2,9.15,0x6f7f4ea0a98025b5,entrenamiento,0x6f7f4ea0a98025b5,9.1535
46959,128597,5SlnyygODc0_30000,0.128,10.0,/m/0j6m2,9.872,0x328f5dae42f53a76,entrenamiento,0x328f5dae42f53a76,9.9735
46883,128288,KF8LjppOLXE_10000,0.0,10.0,/m/0j6m2,10.0,0x495b22ee9491a8ee,entrenamiento,0x495b22ee9491a8ee,10.015625
46942,128525,TYvB5OiDJ5A_50000,0.0,10.0,/m/0j6m2,10.0,0xb9acefe0fbc712f,entrenamiento,0xb9acefe0fbc712f,10.000375
46878,128251,qYz0o6wL65E_0,0.073,10.0,/m/0j6m2,9.927,-0x1ebdbfe9cfb9e737,entrenamiento,-0x1ebdbfe9cfb9e737,9.9735
46891,128331,qrRDdU4pEbM_360000,1.604,10.0,/m/0j6m2,8.396,-0x733f91d7e2afd1f0,entrenamiento,-0x733f91d7e2afd1f0,9.9735
46923,128463,12knBBpYz1Q_30000,0.0,10.0,/m/0j6m2,10.0,0x6f6665605b2bf905,entrenamiento,0x6f6665605b2bf905,10.008
46962,128613,auQIylehHas_120000,0.313,8.959,/m/0j6m2,8.645999999999999,-0x4567f36299694c7f,entrenamiento,-0x4567f36299694c7f,8.9335
39894,108869,SsG3aducjjw_90000,1.135,10.0,/m/0k4j,8.865,-0x570312a5f7cd8a1d,entrenamiento,-0x570312a5f7cd8a1d,9.9735
39799,108570,pwRVZ0KPcGg_0,0.078,10.0,/m/0k4j,9.922,0x4a89871092b3a496,entrenamiento,0x4a89871092b3a496,9.9735
39987,109143,FTZReoHsJRM_150000,9.179,10.0,/m/0k4j,0.8209999999999997,0xabbf6239d95afa1,entrenamiento,0xabbf6239d95afa1,0.8296875
39983,109133,ppeNCccxk8o_2000,0.0,9.169,/m/0k4j,9.169,-0x4a62e0b1b0418051,entrenamiento,-0x4a62e0b1b0418051,11.114
39754,108435,UYEOJUfcJ3I_0,0.0,10.0,/m/0k4j,10.0,-0x34b7adb1aabb78f5,entrenamiento,-0x34b7adb1aabb78f5,10.0078125
39892,108863,KINWvtz2L5I_0,0.147,8.632,/m/0k4j,8.485,-0x5c35d55e453b085d,entrenamiento,-0x5c35d55e453b085d,8.4908125
39482,107640,tBwCLnJGOtg_30000,0.0,10.0,/m/0k4j,10.0,0x21f096cbaaace158,entrenamiento,0x21f096cbaaace158,10.008
39624,108073,RqAwg-yRn24_0,0.073,10.0,/m/0k4j,9.927,-0x3130fa4f2af52284,entrenamiento,-0x3130fa4f2af52284,9.9735
39478,107626,Zec9RJmRSMc_17000,0.0,7.614,/m/0k4j,7.614,0xc928b31c805e635,entrenamiento,0xc928b31c805e635,7.636375
39631,108094,1YZj_ch-kU4_8000,0.0,9.794,/m/0k4j,9.794,-0x5db5bfc96759ba0f,entrenamiento,-0x5db5bfc96759ba0f,9.8096875
46419,127082,f-YVtzEB1Sk_27000,6.441,6.829,/m/0l156k,0.3879999999999999,0x481b00a20ec02831,entrenamiento,0x481b00a20ec02831,0.3935
46437,127122,7ckpklPnKvU_170000,2.199,2.476,/m/0l156k,0.2770000000000001,0x6fc7dcafe0af2aa1,entrenamiento,0x6fc7dcafe0af2aa1,2.4535
46524,127304,-tJaXVZidG8_30000,3.89,4.877,/m/0l156k,0.9869999999999997,0x2ed0b3e9f49ba405,entrenamiento,0x2ed0b3e9f49ba405,1.009625
46590,127437,NkMBaaB5P0k_40000,2.303,4.694,/m/0l156k,2.391,-0x6a05ec760a9f482e,entrenamiento,-0x6a05ec760a9f482e,4.6735
46444,127152,vu1LOSaHVOA_0,0.243,1.126,/m/0l156k,0.8829999999999999,-0x1f840b04644e4453,entrenamiento,-0x1f840b04644e4453,0.8735
46469,127209,YwCBXxDdBL4_130000,0.322,0.55,/m/0l156k,0.228,0x140d088afb33dd4e,entrenamiento,0x140d088afb33dd4e,0.5335
46573,127396,3-NKtXRGX-w_30000,6.283,7.74,/m/0l156k,1.457,-0x2791489deb4982e1,entrenamiento,-0x2791489deb4982e1,1.4726875
46602,127472,r4KoVHDZoHY_0,5.845,6.658,/m/0l156k,0.8130000000000006,0x23419dc6df3787d1,entrenamiento,0x23419dc6df3787d1,0.8135
46599,127465,hrjdMlecVVk_450000,0.363,1.341,/m/0l156k,0.978,0x309068d7d4f564eb,entrenamiento,0x309068d7d4f564eb,1.3135
46509,127276,pNW-QWG3YEo_250000,1.735,2.212,/m/0l156k,0.4770000000000001,0x82b07414797f09e,entrenamiento,0x82b07414797f09e,2.1935
48961,133761,2wQMZFuoHMY_30000,1.559,3.803,/m/0l7xg,2.244,0x37508fe62074a7f8,entrenamiento,0x37508fe62074a7f8,3.7735
49090,134076,X4XFzlVJnf0_3000,1.261,1.939,/m/0l7xg,0.6780000000000002,-0x5d1eb6024fb14fb9,entrenamiento,-0x5d1eb6024fb14fb9,0.684875
49127,134164,Gwazu0-EyNE_30000,1.161,2.159,/m/0l7xg,0.9979999999999998,-0x333841b6a6fa059d,entrenamiento,-0x333841b6a6fa059d,2.1335
49143,134208,SaG_PlESVag_50000,1.524,1.928,/m/0l7xg,0.4039999999999999,-0x469334a84f834bd2,entrenamiento,-0x469334a84f834bd2,1.8935
48998,133851,SpCR5ZAPtC0_200000,0.748,1.168,/m/0l7xg,0.4199999999999999,-0x7af49f5f8f9c74e7,entrenamiento,-0x7af49f5f8f9c74e7,0.4296875
49167,134275,7VDG7C5R5XQ_120000,0.137,1.537,/m/0l7xg,1.4,-0x2444514bf420ec40,entrenamiento,-0x2444514bf420ec40,1.5135
48994,133840,0BqV-f6kCNg_10000,1.654,1.978,/m/0l7xg,0.324,0x219d3fc6133ef251,entrenamiento,0x219d3fc6133ef251,1.9535
48968,133778,9VdH2TH5Gn8_60000,1.039,1.69,/m/0l7xg,0.651,-0x79914aa8b8b46800,entrenamiento,-0x79914aa8b8b46800,1.6735
49152,134244,zvGy89JnfXI_0,2.553,3.266,/m/0l7xg,0.7130000000000001,-0x7fbef5e26e75a313,entrenamiento,-0x7fbef5e26e75a313,3.2335
48951,133741,LRMGMVCUA9E_8000,8.532,8.625,/m/0l7xg,0.0929999999999999,-0x19ca1c29ff3f11,entrenamiento,-0x19ca1c29ff3f11,0.0935
47493,130059,BhuWLur5plc_30000,0.0,10.0,/t/dd00038,10.0,0x7f4adbb4f79be290,entrenamiento,0x7f4adbb4f79be290,10.008
47491,130056,2btGPd0Fxv8_3000,0.0,9.625,/t/dd00038,9.625,-0x77e50b695cc7a26e,entrenamiento,-0x77e50b695cc7a26e,12.5935
47414,129759,WISGJ7xOgp0_0,0.056,10.0,/t/dd00038,9.944,-0x2babaf1ee6695afd,entrenamiento,-0x2babaf1ee6695afd,9.9735
47454,129913,1d-Xhq3FIks_30000,1.908,2.407,/t/dd00038,0.4990000000000001,0x1b71530b3d05fb76,entrenamiento,0x1b71530b3d05fb76,2.3735
47478,130018,5HZ-KC9iaME_17000,0.0,3.516,/t/dd00038,3.516,0x23eef13b33973027,entrenamiento,0x23eef13b33973027,3.5264375
47481,130021,aYGP1-2_0qg_0,0.037,9.145,/t/dd00038,9.108,0x1d0cdca10a8f5f82,entrenamiento,0x1d0cdca10a8f5f82,9.1135
47417,129787,2baPcmDSupM_30000,0.0,8.326,/t/dd00038,8.326,-0x57bf78f1149c6faf,entrenamiento,-0x57bf78f1149c6faf,8.336125
47517,130163,8VnzBSznKMw_10000,0.0,10.0,/t/dd00038,10.0,0x4f39a806269f8ee7,entrenamiento,0x4f39a806269f8ee7,10.015625
47515,130159,KE1CGA65eZo_20000,0.217,10.0,/t/dd00038,9.783,-0x26dbd6d5e84f1f20,entrenamiento,-0x26dbd6d5e84f1f20,9.7831875
47442,129873,4kYmRBnnHd0_8000,0.0,9.972,/t/dd00038,9.972,0x15e8fc7de9f136b9,entrenamiento,0x15e8fc7de9f136b9,9.97225
42490,116724,Lzec-fG2xwI_520000,0.173,10.0,/t/dd00065,9.827,-0x1534a6b1129b2e1d,entrenamiento,-0x1534a6b1129b2e1d,9.9735
42479,116677,EQ5KecwPRk4_13000,0.0,9.523,/t/dd00065,9.523,-0x1847fd00e6607d19,entrenamiento,-0x1847fd00e6607d19,9.523375
42492,116734,CppmPz6gPyc_13000,0.0,8.2,/t/dd00065,8.2,0x1cb45caf2afef9dc,entrenamiento,0x1cb45caf2afef9dc,11.1735
42489,116723,IiSIVlOCc4k_30000,4.658,10.0,/t/dd00065,5.342,-0x4c0bf284062514c9,entrenamiento,-0x4c0bf284062514c9,5.35
42501,116751,lB37XojiTME_170000,0.626,10.0,/t/dd00065,9.374,0x703743451bee5b66,entrenamiento,0x703743451bee5b66,9.9735
42487,116721,IiSIVlOCc4k_30000,1.318,2.286,/t/dd00065,0.968,0x5bd55560ae5df048,entrenamiento,0x5bd55560ae5df048,0.9809375
42495,116742,BR_0hHBX2J8_0,0.085,8.124,/t/dd00065,8.039,-0x748c319d31f55895,entrenamiento,-0x748c319d31f55895,7.9889375
42493,116735,ftFJrajFDbg_10000,1.53,2.563,/t/dd00065,1.033,-0x67ce5915541cf0e4,entrenamiento,-0x67ce5915541cf0e4,2.5335
42482,116686,5qFr-ZRopQ4_0,1.795,10.0,/t/dd00065,8.205,-0x644f53f556e9b6b4,entrenamiento,-0x644f53f556e9b6b4,9.9735
42491,116730,f-iDQCx1A7I_30000,0.0,10.0,/t/dd00065,10.0,0x38edaaf2b89d755d,entrenamiento,0x38edaaf2b89d755d,10.008
40775,111578,28c_4A_zUnk_21000,0.0,7.216,/t/dd00066,7.216,0x76c8c1e35bd53dfe,entrenamiento,0x76c8c1e35bd53dfe,7.2355
40639,111173,bNhr1VSMHv4_30000,0.0,10.0,/t/dd00066,10.0,-0x2617e3e68f41569e,entrenamiento,-0x2617e3e68f41569e,10.008
40795,111635,M8Fk_HykWcs_0,0.0,10.0,/t/dd00066,10.0,-0x40cb2834d51f785b,entrenamiento,-0x40cb2834d51f785b,9.9935
40553,110900,-rAcIrIfhgY_30000,0.0,10.0,/t/dd00066,10.0,0xf466cdcb896f1c9,entrenamiento,0xf466cdcb896f1c9,10.008
40608,111080,WQIWwnQm-KI_10000,0.0,10.0,/t/dd00066,10.0,0x70b05ab357af4016,entrenamiento,0x70b05ab357af4016,10.015625
40253,109935,pEfwVN7VB6c_0,0.0,10.0,/t/dd00066,10.0,0x50b080c1e9c665ef,entrenamiento,0x50b080c1e9c665ef,10.0078125
40444,110524,rYKbhlnvmyI_30000,0.0,10.0,/t/dd00066,10.0,0x1a71963bab5985e7,entrenamiento,0x1a71963bab5985e7,10.008
40290,110077,0DT-5dCCkyU_0,0.055,8.104,/t/dd00066,8.049,-0x634fb498abcbb27,entrenamiento,-0x634fb498abcbb27,8.072
40482,110649,s_r_-u8yTuI_180000,2.2,10.0,/t/dd00066,7.8,0xa2415ba03034012,entrenamiento,0xa2415ba03034012,9.9735
40405,110410,Syu74BwPlRY_30000,0.0,10.0,/t/dd00066,10.0,0x1cc32d5baa0999be,entrenamiento,0x1cc32d5baa0999be,10.008
49521,135511,ktFSsvznW5g_30000,0.0,10.0,/t/dd00067,10.0,-0x7382cb697a77dd3b,entrenamiento,-0x7382cb697a77dd3b,10.008
49517,135484,Z53f5mRdVxI_14000,0.0,9.429,/t/dd00067,9.429,0xe240eb64f016dab,entrenamiento,0xe240eb64f016dab,9.4521875
49548,135582,9M7sTZ3WeEg_30000,2.532,10.0,/t/dd00067,7.468,0x1b93c2d0ffdafce3,entrenamiento,0x1b93c2d0ffdafce3,9.9735
49535,135544,iJ-lkVsVL00_20000,0.0,7.365,/t/dd00067,7.365,0x3b260c156d079452,entrenamiento,0x3b260c156d079452,7.3763125
49543,135567,B7HEn8biLrU_11000,0.0,9.852,/t/dd00067,9.852,0x7a590dc266c31f88,entrenamiento,0x7a590dc266c31f88,10.8335
49492,135396,8OEqUSoFM2A_0,0.0,10.0,/t/dd00067,10.0,0x764c3eab759185b7,entrenamiento,0x764c3eab759185b7,9.9935
49559,135665,u2fvXpPWIlA_30000,4.635,6.516,/t/dd00067,1.881,-0x724d99bb61ccffe5,entrenamiento,-0x724d99bb61ccffe5,1.89
49596,135802,982reLfbJV8_30000,0.0,10.0,/t/dd00067,10.0,0x3fbb279da888a642,entrenamiento,0x3fbb279da888a642,10.008
49575,135721,0u-UG01Z8kw_21000,0.0,9.506,/t/dd00067,9.506,-0x74b6997307a2b67b,entrenamiento,-0x74b6997307a2b67b,10.421375
49574,135719,FiclHEHYTMM_0,0.062,10.0,/t/dd00067,9.938,0x62a58dae9bacae79,entrenamiento,0x62a58dae9bacae79,9.9735
6011,20038,A9Y8bhL_XY4_21000,0.0,9.219,/t/dd00077,9.219,-0x4edadb87e69765f9,entrenamiento,-0x4edadb87e69765f9,10.1935
10740,38434,NR9DjFnQS-E_30000,0.0,10.0,/t/dd00077,10.0,-0x6bdcf2734a17d2f4,entrenamiento,-0x6bdcf2734a17d2f4,10.008
4773,15170,45FElpwPRnc_460000,0.0,10.0,/t/dd00077,10.0,-0x74294a2f1f69189b,entrenamiento,-0x74294a2f1f69189b,10.0183125
9261,32687,5pgARrqP0-Q_130000,1.772,2.008,/t/dd00077,0.236,0x15f97914653dae72,entrenamiento,0x15f97914653dae72,1.9735
6308,21221,Dm6rx1Oq-Lc_30000,0.0,10.0,/t/dd00077,10.0,0x6872f4ddebb2c493,entrenamiento,0x6872f4ddebb2c493,10.008
8745,30621,dZ8tb5hOGwc_193000,0.0,10.0,/t/dd00077,10.0,-0x4126d654998c5c51,entrenamiento,-0x4126d654998c5c51,12.9735
9278,32758,1Cln0VjScQE_30000,0.0,4.189,/t/dd00077,4.189,0x639ea88d9d35a8c0,entrenamiento,0x639ea88d9d35a8c0,4.203
5035,16180,31TFoGudgks_0,0.09,10.0,/t/dd00077,9.91,0x28603fdfc4c15a4e,entrenamiento,0x28603fdfc4c15a4e,9.9735
6396,21663,7QN3lwOzfdg_0,0.148,10.0,/t/dd00077,9.852,0x619c91e73a8c8db3,entrenamiento,0x619c91e73a8c8db3,9.9735
10076,35691,H4QhOHejyzE_70000,0.0,10.0,/t/dd00077,10.0,0x4e7441b4773d6af6,entrenamiento,0x4e7441b4773d6af6,10.015375
33566,92001,VBZsA653Plw_20000,8.786,9.243,/t/dd00092,0.4570000000000007,0x35d7443a4c844022,entrenamiento,0x35d7443a4c844022,0.471125
30434,84323,Av2ayYxovQQ_3000,0.0,9.362,/t/dd00092,9.362,0x471f5cc182f0cb04,entrenamiento,0x471f5cc182f0cb04,12.3335
33308,91368,jtVteLXqkrs_30000,9.646,9.803,/t/dd00092,0.157,0x780f60ed8ec30036,entrenamiento,0x780f60ed8ec30036,0.17625
33857,92721,ILVb9cQ-7JM_5000,6.163,6.55,/t/dd00092,0.3869999999999995,0x5760c360b3f3c7d2,entrenamiento,0x5760c360b3f3c7d2,0.3935
32184,88557,4N0uw3fmN10_30000,0.298,5.627,/t/dd00092,5.329,-0x6507ae1e0e8ae15,entrenamiento,-0x6507ae1e0e8ae15,5.5935
33366,91503,Hs6d2IGDFmY_30000,0.605,0.986,/t/dd00092,0.381,-0x1c2386b9621da7ff,entrenamiento,-0x1c2386b9621da7ff,0.9535
27319,76864,HpiR2_BNDr4_0,2.753,3.227,/t/dd00092,0.4739999999999997,-0x2b4c2a738ad8878b,entrenamiento,-0x2b4c2a738ad8878b,3.1935
32685,89844,q8lhMGERjSk_40000,0.339,10.0,/t/dd00092,9.661,-0x11e86358f8cecf81,entrenamiento,-0x11e86358f8cecf81,9.9735
28021,78611,NRNl916iT84_140000,0.0,6.993,/t/dd00092,6.993,0x66e644504e9b7a95,entrenamiento,0x66e644504e9b7a95,7.0055625
28235,79122,1gfkQ8bmN1Q_30000,0.38,1.531,/t/dd00092,1.1509999999999998,-0x5c4a4b84e3fcb8bb,entrenamiento,-0x5c4a4b84e3fcb8bb,1.5135
37807,102384,b7OKCt6a6Wk_30000,8.892,9.721,/t/dd00130,0.8290000000000006,0x53719a0a1a3a9ba2,entrenamiento,0x53719a0a1a3a9ba2,0.837375
37627,101982,781fKMd9ydk_0,1.437,2.175,/t/dd00130,0.7379999999999998,0x77a23b033d779f92,entrenamiento,0x77a23b033d779f92,2.1535
37773,102323,2q9LVK-_xUQ_0,5.185,7.758,/t/dd00130,2.5730000000000004,0x52d48f6fdc4b4f89,entrenamiento,0x52d48f6fdc4b4f89,2.5735
37663,102062,SiqUHNiVebU_120000,2.787,4.016,/t/dd00130,1.229,-0x5d6e1ac38d542aee,entrenamiento,-0x5d6e1ac38d542aee,3.9935
37704,102162,AjA6-wTv24I_30000,0.22,1.449,/t/dd00130,1.229,-0x364226088b3b9c1,entrenamiento,-0x364226088b3b9c1,1.4335
37725,102208,Y1A7T58ZlOI_20000,0.0,0.543,/t/dd00130,0.543,-0x77dcf8fdb83cc291,entrenamiento,-0x77dcf8fdb83cc291,0.5496875
37689,102130,5RklOICz5eo_30000,1.297,2.857,/t/dd00130,1.5600000000000005,0x242a216ca31f778c,entrenamiento,0x242a216ca31f778c,2.8335
37724,102207,80R3BOxUFKg_10000,0.953,2.118,/t/dd00130,1.165,-0x2bb0062b58677164,entrenamiento,-0x2bb0062b58677164,2.0935
37775,102326,lYdpp31nFJ4_70000,1.681,3.323,/t/dd00130,1.642,0x3fe56d21db312c1d,entrenamiento,0x3fe56d21db312c1d,3.2935
37616,101958,NcnwtFbHhGM_0,1.573,3.394,/t/dd00130,1.821,0x579b5f968fc7618d,entrenamiento,0x579b5f968fc7618d,1.840375
47672,130697,9F3wceGZUZo_10000,0.382,2.445,/t/dd00134,2.063,0x112b8817dfae773b,entrenamiento,0x112b8817dfae773b,2.0639375
47771,130931,-yPSgCn9AWo_30000,2.766,4.814,/t/dd00134,2.048,0x14ab0bd05389a536,entrenamiento,0x14ab0bd05389a536,2.0639375
47700,130767,wEZ5_0Mm6yI_26000,8.356,8.948,/t/dd00134,0.5920000000000005,-0x5dc075d2dde568a4,entrenamiento,-0x5dc075d2dde568a4,0.5935
47707,130779,DvPrd5WqgAw_30000,1.399,3.693,/t/dd00134,2.294,0x5c12a005966140d0,entrenamiento,0x5c12a005966140d0,3.6735
47702,130769,X7r6kC88wB4_8000,7.266,9.659,/t/dd00134,2.3930000000000007,0x5eb40eba91f62d9,entrenamiento,0x5eb40eba91f62d9,2.2826875
47675,130701,QVZlrOYAHr0_170000,2.044,3.693,/t/dd00134,1.649,-0x48c8f53135e08caf,entrenamiento,-0x48c8f53135e08caf,3.6735
47659,130662,Z0OHOLrhk9k_9000,8.523,9.831,/t/dd00134,1.3079999999999998,-0x90d62951c7b934e,entrenamiento,-0x90d62951c7b934e,1.2881875
47715,130795,K1k4sCWJS_g_30000,1.703,3.99,/t/dd00134,2.287,-0x3e2e4f96bb451d72,entrenamiento,-0x3e2e4f96bb451d72,3.9735
47723,130817,-SP3Tsk0WhI_70000,1.753,4.174,/t/dd00134,2.4210000000000003,-0x39acdffd999ae585,entrenamiento,-0x39acdffd999ae585,4.1535
47693,130749,52xktkqta70_10000,7.023,10.0,/t/dd00134,2.9770000000000003,-0x38047626b623c847,entrenamiento,-0x38047626b623c847,2.992625
